index,syllable,tone,voice
0,vùi,huyền,vi-VN-Neural2-A
1,tùy,huyền,vi-VN-Neural2-A
2,chìu,huyền,vi-VN-Neural2-A
3,sàng,huyền,vi-VN-Neural2-A
4,chù,huyền,vi-VN-Neural2-A
5,trùm,huyền,vi-VN-Neural2-A
6,mù,huyền,vi-VN-Neural2-A
7,quầy,huyền,vi-VN-Neural2-A
8,tàn,huyền,vi-VN-Neural2-A
9,oành,huyền,vi-VN-Neural2-A
10,chòng,huyền,vi-VN-Neural2-A
11,lào,huyền,vi-VN-Neural2-A
12,trời,huyền,vi-VN-Neural2-A
13,chùa,huyền,vi-VN-Neural2-A
14,muồi,huyền,vi-VN-Neural2-A
15,ngồi,huyền,vi-VN-Neural2-A
16,khuỳnh,huyền,vi-VN-Neural2-A
17,nguyền,huyền,vi-VN-Neural2-A
18,trành,huyền,vi-VN-Neural2-A
19,rời,huyền,vi-VN-Neural2-A
20,tình,huyền,vi-VN-Neural2-A
21,sà,huyền,vi-VN-Neural2-A
22,trùn,huyền,vi-VN-Neural2-A
23,xàng,huyền,vi-VN-Neural2-A
24,mồ,huyền,vi-VN-Neural2-A
25,bề,huyền,vi-VN-Neural2-A
26,kèm,huyền,vi-VN-Neural2-A
27,trừng,huyền,vi-VN-Neural2-A
28,đoài,huyền,vi-VN-Neural2-A
29,thò,huyền,vi-VN-Neural2-A
30,hàng,huyền,vi-VN-Neural2-A
31,chồi,huyền,vi-VN-Neural2-A
32,thầm,huyền,vi-VN-Neural2-A
33,ngàn,huyền,vi-VN-Neural2-A
34,bời,huyền,vi-VN-Neural2-A
35,bùng,huyền,vi-VN-Neural2-A
36,tầy,huyền,vi-VN-Neural2-A
37,ngờ,huyền,vi-VN-Neural2-A
38,ồn,huyền,vi-VN-Neural2-A
39,ùa,huyền,vi-VN-Neural2-A
40,dường,huyền,vi-VN-Neural2-A
41,khò,huyền,vi-VN-Neural2-A
42,giằng,huyền,vi-VN-Neural2-A
43,lừa,huyền,vi-VN-Neural2-A
44,tiềm,huyền,vi-VN-Neural2-A
45,rờ,huyền,vi-VN-Neural2-A
46,nhầy,huyền,vi-VN-Neural2-A
47,tiền,huyền,vi-VN-Neural2-A
48,truồng,huyền,vi-VN-Neural2-A
49,sành,huyền,vi-VN-Neural2-A
50,tày,huyền,vi-VN-Neural2-D
51,rờn,huyền,vi-VN-Neural2-D
52,lần,huyền,vi-VN-Neural2-D
53,dòng,huyền,vi-VN-Neural2-D
54,kiềng,huyền,vi-VN-Neural2-D
55,ngầm,huyền,vi-VN-Neural2-D
56,kè,huyền,vi-VN-Neural2-D
57,khè,huyền,vi-VN-Neural2-D
58,tò,huyền,vi-VN-Neural2-D
59,ngòi,huyền,vi-VN-Neural2-D
60,rằm,huyền,vi-VN-Neural2-D
61,nồ,huyền,vi-VN-Neural2-D
62,sài,huyền,vi-VN-Neural2-D
63,bùi,huyền,vi-VN-Neural2-D
64,thài,huyền,vi-VN-Neural2-D
65,chòng,huyền,vi-VN-Neural2-D
66,bề,huyền,vi-VN-Neural2-D
67,cười,huyền,vi-VN-Neural2-D
68,ngoài,huyền,vi-VN-Neural2-D
69,nhài,huyền,vi-VN-Neural2-D
70,càu,huyền,vi-VN-Neural2-D
71,xù,huyền,vi-VN-Neural2-D
72,bùa,huyền,vi-VN-Neural2-D
73,trầy,huyền,vi-VN-Neural2-D
74,bằng,huyền,vi-VN-Neural2-D
75,ghè,huyền,vi-VN-Neural2-D
76,sần,huyền,vi-VN-Neural2-D
77,bừng,huyền,vi-VN-Neural2-D
78,hồi,huyền,vi-VN-Neural2-D
79,lầu,huyền,vi-VN-Neural2-D
80,chườm,huyền,vi-VN-Neural2-D
81,lù,huyền,vi-VN-Neural2-D
82,giành,huyền,vi-VN-Neural2-D
83,vờ,huyền,vi-VN-Neural2-D
84,thèm,huyền,vi-VN-Neural2-D
85,mìn,huyền,vi-VN-Neural2-D
86,ào,huyền,vi-VN-Neural2-D
87,thùy,huyền,vi-VN-Neural2-D
88,vùn,huyền,vi-VN-Neural2-D
89,thèo,huyền,vi-VN-Neural2-D
90,gàu,huyền,vi-VN-Neural2-D
91,thiều,huyền,vi-VN-Neural2-D
92,nì,huyền,vi-VN-Neural2-D
93,bùng,huyền,vi-VN-Neural2-D
94,phù,huyền,vi-VN-Neural2-D
95,bềnh,huyền,vi-VN-Neural2-D
96,nà,huyền,vi-VN-Neural2-D
97,còng,huyền,vi-VN-Neural2-D
98,lồi,huyền,vi-VN-Neural2-D
99,kỳ,huyền,vi-VN-Neural2-D
100,này,huyền,vi-VN-Wavenet-A
101,ngồn,huyền,vi-VN-Wavenet-A
102,trào,huyền,vi-VN-Wavenet-A
103,tùng,huyền,vi-VN-Wavenet-A
104,ngàng,huyền,vi-VN-Wavenet-A
105,rầu,huyền,vi-VN-Wavenet-A
106,xuồng,huyền,vi-VN-Wavenet-A
107,tòm,huyền,vi-VN-Wavenet-A
108,khù,huyền,vi-VN-Wavenet-A
109,tòi,huyền,vi-VN-Wavenet-A
110,mùng,huyền,vi-VN-Wavenet-A
111,gì,huyền,vi-VN-Wavenet-A
112,hà,huyền,vi-VN-Wavenet-A
113,vầng,huyền,vi-VN-Wavenet-A
114,đầy,huyền,vi-VN-Wavenet-A
115,rồ,huyền,vi-VN-Wavenet-A
116,ngày,huyền,vi-VN-Wavenet-A
117,trù,huyền,vi-VN-Wavenet-A
118,tòa,huyền,vi-VN-Wavenet-A
119,làm,huyền,vi-VN-Wavenet-A
120,tằm,huyền,vi-VN-Wavenet-A
121,mà,huyền,vi-VN-Wavenet-A
122,phường,huyền,vi-VN-Wavenet-A
123,chuyền,huyền,vi-VN-Wavenet-A
124,hàu,huyền,vi-VN-Wavenet-A
125,triều,huyền,vi-VN-Wavenet-A
126,thều,huyền,vi-VN-Wavenet-A
127,kè,huyền,vi-VN-Wavenet-A
128,triền,huyền,vi-VN-Wavenet-A
129,mồi,huyền,vi-VN-Wavenet-A
130,trời,huyền,vi-VN-Wavenet-A
131,nàng,huyền,vi-VN-Wavenet-A
132,đoài,huyền,vi-VN-Wavenet-A
133,phùng,huyền,vi-VN-Wavenet-A
134,thần,huyền,vi-VN-Wavenet-A
135,ngùi,huyền,vi-VN-Wavenet-A
136,bì,huyền,vi-VN-Wavenet-A
137,nghề,huyền,vi-VN-Wavenet-A
138,lừ,huyền,vi-VN-Wavenet-A
139,gò,huyền,vi-VN-Wavenet-A
140,càu,huyền,vi-VN-Wavenet-A
141,chồn,huyền,vi-VN-Wavenet-A
142,xì,huyền,vi-VN-Wavenet-A
143,chào,huyền,vi-VN-Wavenet-A
144,niềm,huyền,vi-VN-Wavenet-A
145,hồng,huyền,vi-VN-Wavenet-A
146,tròn,huyền,vi-VN-Wavenet-A
147,quềnh,huyền,vi-VN-Wavenet-A
148,tồn,huyền,vi-VN-Wavenet-A
149,tào,huyền,vi-VN-Wavenet-A
150,vờ,huyền,vi-VN-Wavenet-B
151,cày,huyền,vi-VN-Wavenet-B
152,lì,huyền,vi-VN-Wavenet-B
153,bồi,huyền,vi-VN-Wavenet-B
154,tầm,huyền,vi-VN-Wavenet-B
155,đìa,huyền,vi-VN-Wavenet-B
156,trùng,huyền,vi-VN-Wavenet-B
157,mề,huyền,vi-VN-Wavenet-B
158,vùn,huyền,vi-VN-Wavenet-B
159,buồng,huyền,vi-VN-Wavenet-B
160,hờn,huyền,vi-VN-Wavenet-B
161,tròn,huyền,vi-VN-Wavenet-B
162,đòm,huyền,vi-VN-Wavenet-B
163,ghè,huyền,vi-VN-Wavenet-B
164,lừa,huyền,vi-VN-Wavenet-B
165,sờ,huyền,vi-VN-Wavenet-B
166,dàng,huyền,vi-VN-Wavenet-B
167,bùng,huyền,vi-VN-Wavenet-B
168,ngào,huyền,vi-VN-Wavenet-B
169,đồi,huyền,vi-VN-Wavenet-B
170,mèo,huyền,vi-VN-Wavenet-B
171,càu,huyền,vi-VN-Wavenet-B
172,gần,huyền,vi-VN-Wavenet-B
173,dầm,huyền,vi-VN-Wavenet-B
174,nùn,huyền,vi-VN-Wavenet-B
175,mò,huyền,vi-VN-Wavenet-B
176,mềm,huyền,vi-VN-Wavenet-B
177,bề,huyền,vi-VN-Wavenet-B
178,sầu,huyền,vi-VN-Wavenet-B
179,tàn,huyền,vi-VN-Wavenet-B
180,rồi,huyền,vi-VN-Wavenet-B
181,vì,huyền,vi-VN-Wavenet-B
182,sền,huyền,vi-VN-Wavenet-B
183,bìu,huyền,vi-VN-Wavenet-B
184,vành,huyền,vi-VN-Wavenet-B
185,thù,huyền,vi-VN-Wavenet-B
186,gào,huyền,vi-VN-Wavenet-B
187,tuần,huyền,vi-VN-Wavenet-B
188,liềm,huyền,vi-VN-Wavenet-B
189,lồm,huyền,vi-VN-Wavenet-B
190,ghì,huyền,vi-VN-Wavenet-B
191,trùm,huyền,vi-VN-Wavenet-B
192,nần,huyền,vi-VN-Wavenet-B
193,đềnh,huyền,vi-VN-Wavenet-B
194,lừng,huyền,vi-VN-Wavenet-B
195,nhờn,huyền,vi-VN-Wavenet-B
196,bềnh,huyền,vi-VN-Wavenet-B
197,rèm,huyền,vi-VN-Wavenet-B
198,trình,huyền,vi-VN-Wavenet-B
199,phờ,huyền,vi-VN-Wavenet-B
200,tồi,huyền,vi-VN-Wavenet-C
201,xoè,huyền,vi-VN-Wavenet-C
202,mười,huyền,vi-VN-Wavenet-C
203,xuồng,huyền,vi-VN-Wavenet-C
204,buồn,huyền,vi-VN-Wavenet-C
205,đành,huyền,vi-VN-Wavenet-C
206,nùng,huyền,vi-VN-Wavenet-C
207,kèm,huyền,vi-VN-Wavenet-C
208,thừng,huyền,vi-VN-Wavenet-C
209,tràm,huyền,vi-VN-Wavenet-C
210,vòi,huyền,vi-VN-Wavenet-C
211,khò,huyền,vi-VN-Wavenet-C
212,dờn,huyền,vi-VN-Wavenet-C
213,tàu,huyền,vi-VN-Wavenet-C
214,hồn,huyền,vi-VN-Wavenet-C
215,khều,huyền,vi-VN-Wavenet-C
216,ngồn,huyền,vi-VN-Wavenet-C
217,lồm,huyền,vi-VN-Wavenet-C
218,vài,huyền,vi-VN-Wavenet-C
219,quằn,huyền,vi-VN-Wavenet-C
220,nghiền,huyền,vi-VN-Wavenet-C
221,xoèn,huyền,vi-VN-Wavenet-C
222,phè,huyền,vi-VN-Wavenet-C
223,đềm,huyền,vi-VN-Wavenet-C
224,tùng,huyền,vi-VN-Wavenet-C
225,ùn,huyền,vi-VN-Wavenet-C
226,mày,huyền,vi-VN-Wavenet-C
227,dè,huyền,vi-VN-Wavenet-C
228,dì,huyền,vi-VN-Wavenet-C
229,chầm,huyền,vi-VN-Wavenet-C
230,hồng,huyền,vi-VN-Wavenet-C
231,lù,huyền,vi-VN-Wavenet-C
232,nhài,huyền,vi-VN-Wavenet-C
233,xì,huyền,vi-VN-Wavenet-C
234,dòng,huyền,vi-VN-Wavenet-C
235,nghề,huyền,vi-VN-Wavenet-C
236,nhiều,huyền,vi-VN-Wavenet-C
237,đoàn,huyền,vi-VN-Wavenet-C
238,đền,huyền,vi-VN-Wavenet-C
239,mừng,huyền,vi-VN-Wavenet-C
240,lùm,huyền,vi-VN-Wavenet-C
241,đè,huyền,vi-VN-Wavenet-C
242,nhuần,huyền,vi-VN-Wavenet-C
243,làng,huyền,vi-VN-Wavenet-C
244,nhầy,huyền,vi-VN-Wavenet-C
245,đòng,huyền,vi-VN-Wavenet-C
246,ngài,huyền,vi-VN-Wavenet-C
247,gồm,huyền,vi-VN-Wavenet-C
248,dần,huyền,vi-VN-Wavenet-C
249,đùi,huyền,vi-VN-Wavenet-C
250,è,huyền,vi-VN-Wavenet-D
251,kìa,huyền,vi-VN-Wavenet-D
252,què,huyền,vi-VN-Wavenet-D
253,nằm,huyền,vi-VN-Wavenet-D
254,trồi,huyền,vi-VN-Wavenet-D
255,nà,huyền,vi-VN-Wavenet-D
256,chày,huyền,vi-VN-Wavenet-D
257,vùn,huyền,vi-VN-Wavenet-D
258,phèo,huyền,vi-VN-Wavenet-D
259,hề,huyền,vi-VN-Wavenet-D
260,vì,huyền,vi-VN-Wavenet-D
261,khừ,huyền,vi-VN-Wavenet-D
262,thừa,huyền,vi-VN-Wavenet-D
263,đàng,huyền,vi-VN-Wavenet-D
264,sờ,huyền,vi-VN-Wavenet-D
265,quỳ,huyền,vi-VN-Wavenet-D
266,liền,huyền,vi-VN-Wavenet-D
267,đàm,huyền,vi-VN-Wavenet-D
268,tuỳ,huyền,vi-VN-Wavenet-D
269,lòng,huyền,vi-VN-Wavenet-D
270,tàng,huyền,vi-VN-Wavenet-D
271,mòng,huyền,vi-VN-Wavenet-D
272,xù,huyền,vi-VN-Wavenet-D
273,vầy,huyền,vi-VN-Wavenet-D
274,trùm,huyền,vi-VN-Wavenet-D
275,gành,huyền,vi-VN-Wavenet-D
276,liềm,huyền,vi-VN-Wavenet-D
277,đèn,huyền,vi-VN-Wavenet-D
278,sàng,huyền,vi-VN-Wavenet-D
279,đoàn,huyền,vi-VN-Wavenet-D
280,vừa,huyền,vi-VN-Wavenet-D
281,bều,huyền,vi-VN-Wavenet-D
282,lầm,huyền,vi-VN-Wavenet-D
283,hòn,huyền,vi-VN-Wavenet-D
284,chài,huyền,vi-VN-Wavenet-D
285,chù,huyền,vi-VN-Wavenet-D
286,tuần,huyền,vi-VN-Wavenet-D
287,xoàng,huyền,vi-VN-Wavenet-D
288,sàm,huyền,vi-VN-Wavenet-D
289,rời,huyền,vi-VN-Wavenet-D
290,hàng,huyền,vi-VN-Wavenet-D
291,gà,huyền,vi-VN-Wavenet-D
292,bồn,huyền,vi-VN-Wavenet-D
293,trìu,huyền,vi-VN-Wavenet-D
294,cười,huyền,vi-VN-Wavenet-D
295,ồn,huyền,vi-VN-Wavenet-D
296,xìu,huyền,vi-VN-Wavenet-D
297,bần,huyền,vi-VN-Wavenet-D
298,cườm,huyền,vi-VN-Wavenet-D
299,ngài,huyền,vi-VN-Wavenet-D
300,chỏ,hỏi,vi-VN-Neural2-A
301,mẩy,hỏi,vi-VN-Neural2-A
302,ghẻ,hỏi,vi-VN-Neural2-A
303,cửi,hỏi,vi-VN-Neural2-A
304,ủn,hỏi,vi-VN-Neural2-A
305,ruổi,hỏi,vi-VN-Neural2-A
306,sủi,hỏi,vi-VN-Neural2-A
307,bẩn,hỏi,vi-VN-Neural2-A
308,quỉ,hỏi,vi-VN-Neural2-A
309,chuẩn,hỏi,vi-VN-Neural2-A
310,xỉ,hỏi,vi-VN-Neural2-A
311,mải,hỏi,vi-VN-Neural2-A
312,cảo,hỏi,vi-VN-Neural2-A
313,kiểu,hỏi,vi-VN-Neural2-A
314,kỷ,hỏi,vi-VN-Neural2-A
315,yểm,hỏi,vi-VN-Neural2-A
316,ngả,hỏi,vi-VN-Neural2-A
317,bảo,hỏi,vi-VN-Neural2-A
318,khẻ,hỏi,vi-VN-Neural2-A
319,xổ,hỏi,vi-VN-Neural2-A
320,vỉa,hỏi,vi-VN-Neural2-A
321,loảng,hỏi,vi-VN-Neural2-A
322,buổi,hỏi,vi-VN-Neural2-A
323,xẩy,hỏi,vi-VN-Neural2-A
324,hỏi,hỏi,vi-VN-Neural2-A
325,mỉ,hỏi,vi-VN-Neural2-A
326,chảy,hỏi,vi-VN-Neural2-A
327,xuẩn,hỏi,vi-VN-Neural2-A
328,điểu,hỏi,vi-VN-Neural2-A
329,bỉu,hỏi,vi-VN-Neural2-A
330,phổng,hỏi,vi-VN-Neural2-A
331,sể,hỏi,vi-VN-Neural2-A
332,điểm,hỏi,vi-VN-Neural2-A
333,ủa,hỏi,vi-VN-Neural2-A
334,ngỏ,hỏi,vi-VN-Neural2-A
335,tỉ,hỏi,vi-VN-Neural2-A
336,hẩm,hỏi,vi-VN-Neural2-A
337,rỉ,hỏi,vi-VN-Neural2-A
338,quẩn,hỏi,vi-VN-Neural2-A
339,ngổm,hỏi,vi-VN-Neural2-A
340,tỉm,hỏi,vi-VN-Neural2-A
341,xỉn,hỏi,vi-VN-Neural2-A
342,xẩm,hỏi,vi-VN-Neural2-A
343,bủm,hỏi,vi-VN-Neural2-A
344,ngẩng,hỏi,vi-VN-Neural2-A
345,nhảnh,hỏi,vi-VN-Neural2-A
346,thủ,hỏi,vi-VN-Neural2-A
347,xổm,hỏi,vi-VN-Neural2-A
348,đổ,hỏi,vi-VN-Neural2-A
349,thuở,hỏi,vi-VN-Neural2-A
350,vảy,hỏi,vi-VN-Neural2-D
351,thuỷ,hỏi,vi-VN-Neural2-D
352,cỏ,hỏi,vi-VN-Neural2-D
353,chỉnh,hỏi,vi-VN-Neural2-D
354,nửa,hỏi,vi-VN-Neural2-D
355,nhỏ,hỏi,vi-VN-Neural2-D
356,biểu,hỏi,vi-VN-Neural2-D
357,nhoẻn,hỏi,vi-VN-Neural2-D
358,xổm,hỏi,vi-VN-Neural2-D
359,xỉ,hỏi,vi-VN-Neural2-D
360,sửng,hỏi,vi-VN-Neural2-D
361,uyển,hỏi,vi-VN-Neural2-D
362,kỉ,hỏi,vi-VN-Neural2-D
363,thản,hỏi,vi-VN-Neural2-D
364,lỉnh,hỏi,vi-VN-Neural2-D
365,hổm,hỏi,vi-VN-Neural2-D
366,xảo,hỏi,vi-VN-Neural2-D
367,lẳm,hỏi,vi-VN-Neural2-D
368,mổ,hỏi,vi-VN-Neural2-D
369,xổi,hỏi,vi-VN-Neural2-D
370,thuở,hỏi,vi-VN-Neural2-D
371,vỉ,hỏi,vi-VN-Neural2-D
372,nghẻo,hỏi,vi-VN-Neural2-D
373,lử,hỏi,vi-VN-Neural2-D
374,tỉ,hỏi,vi-VN-Neural2-D
375,nổ,hỏi,vi-VN-Neural2-D
376,bỉ,hỏi,vi-VN-Neural2-D
377,sổ,hỏi,vi-VN-Neural2-D
378,biển,hỏi,vi-VN-Neural2-D
379,thủ,hỏi,vi-VN-Neural2-D
380,ngủ,hỏi,vi-VN-Neural2-D
381,tỏ,hỏi,vi-VN-Neural2-D
382,lảng,hỏi,vi-VN-Neural2-D
383,trỏ,hỏi,vi-VN-Neural2-D
384,nhỉ,hỏi,vi-VN-Neural2-D
385,chửi,hỏi,vi-VN-Neural2-D
386,ngoảnh,hỏi,vi-VN-Neural2-D
387,mỉm,hỏi,vi-VN-Neural2-D
388,cởi,hỏi,vi-VN-Neural2-D
389,toản,hỏi,vi-VN-Neural2-D
390,lửng,hỏi,vi-VN-Neural2-D
391,nhảm,hỏi,vi-VN-Neural2-D
392,gửi,hỏi,vi-VN-Neural2-D
393,lẻ,hỏi,vi-VN-Neural2-D
394,quỉ,hỏi,vi-VN-Neural2-D
395,ngẩng,hỏi,vi-VN-Neural2-D
396,sửa,hỏi,vi-VN-Neural2-D
397,hổn,hỏi,vi-VN-Neural2-D
398,chẻ,hỏi,vi-VN-Neural2-D
399,thảnh,hỏi,vi-VN-Neural2-D
400,nhở,hỏi,vi-VN-Wavenet-A
401,tải,hỏi,vi-VN-Wavenet-A
402,cử,hỏi,vi-VN-Wavenet-A
403,mẳn,hỏi,vi-VN-Wavenet-A
404,ảm,hỏi,vi-VN-Wavenet-A
405,ngổm,hỏi,vi-VN-Wavenet-A
406,giủi,hỏi,vi-VN-Wavenet-A
407,thảo,hỏi,vi-VN-Wavenet-A
408,lổm,hỏi,vi-VN-Wavenet-A
409,điểu,hỏi,vi-VN-Wavenet-A
410,thở,hỏi,vi-VN-Wavenet-A
411,rửa,hỏi,vi-VN-Wavenet-A
412,tẩm,hỏi,vi-VN-Wavenet-A
413,khiển,hỏi,vi-VN-Wavenet-A
414,rủa,hỏi,vi-VN-Wavenet-A
415,dử,hỏi,vi-VN-Wavenet-A
416,ngẩng,hỏi,vi-VN-Wavenet-A
417,lẳm,hỏi,vi-VN-Wavenet-A
418,xỉn,hỏi,vi-VN-Wavenet-A
419,xỉnh,hỏi,vi-VN-Wavenet-A
420,sủa,hỏi,vi-VN-Wavenet-A
421,trảu,hỏi,vi-VN-Wavenet-A
422,đoảng,hỏi,vi-VN-Wavenet-A
423,cản,hỏi,vi-VN-Wavenet-A
424,dở,hỏi,vi-VN-Wavenet-A
425,phẳng,hỏi,vi-VN-Wavenet-A
426,vẩy,hỏi,vi-VN-Wavenet-A
427,ổi,hỏi,vi-VN-Wavenet-A
428,xoảng,hỏi,vi-VN-Wavenet-A
429,thả,hỏi,vi-VN-Wavenet-A
430,xổng,hỏi,vi-VN-Wavenet-A
431,thỏi,hỏi,vi-VN-Wavenet-A
432,tổ,hỏi,vi-VN-Wavenet-A
433,lẳn,hỏi,vi-VN-Wavenet-A
434,choảng,hỏi,vi-VN-Wavenet-A
435,thử,hỏi,vi-VN-Wavenet-A
436,khổ,hỏi,vi-VN-Wavenet-A
437,đảm,hỏi,vi-VN-Wavenet-A
438,mở,hỏi,vi-VN-Wavenet-A
439,ổng,hỏi,vi-VN-Wavenet-A
440,viển,hỏi,vi-VN-Wavenet-A
441,thủng,hỏi,vi-VN-Wavenet-A
442,sểnh,hỏi,vi-VN-Wavenet-A
443,khoải,hỏi,vi-VN-Wavenet-A
444,nhả,hỏi,vi-VN-Wavenet-A
445,rảnh,hỏi,vi-VN-Wavenet-A
446,hiểm,hỏi,vi-VN-Wavenet-A
447,suyển,hỏi,vi-VN-Wavenet-A
448,bảng,hỏi,vi-VN-Wavenet-A
449,gỉ,hỏi,vi-VN-Wavenet-A
450,thẳm,hỏi,vi-VN-Wavenet-B
451,toả,hỏi,vi-VN-Wavenet-B
452,ảo,hỏi,vi-VN-Wavenet-B
453,lửng,hỏi,vi-VN-Wavenet-B
454,xỉu,hỏi,vi-VN-Wavenet-B
455,xảm,hỏi,vi-VN-Wavenet-B
456,trẻ,hỏi,vi-VN-Wavenet-B
457,lảng,hỏi,vi-VN-Wavenet-B
458,chẻ,hỏi,vi-VN-Wavenet-B
459,vưởng,hỏi,vi-VN-Wavenet-B
460,cẩu,hỏi,vi-VN-Wavenet-B
461,hổm,hỏi,vi-VN-Wavenet-B
462,bả,hỏi,vi-VN-Wavenet-B
463,ẩm,hỏi,vi-VN-Wavenet-B
464,phảy,hỏi,vi-VN-Wavenet-B
465,thuở,hỏi,vi-VN-Wavenet-B
466,lổng,hỏi,vi-VN-Wavenet-B
467,nản,hỏi,vi-VN-Wavenet-B
468,hổng,hỏi,vi-VN-Wavenet-B
469,chỉ,hỏi,vi-VN-Wavenet-B
470,vẩn,hỏi,vi-VN-Wavenet-B
471,sảy,hỏi,vi-VN-Wavenet-B
472,nhoẻn,hỏi,vi-VN-Wavenet-B
473,dải,hỏi,vi-VN-Wavenet-B
474,vẻ,hỏi,vi-VN-Wavenet-B
475,cửu,hỏi,vi-VN-Wavenet-B
476,huỷ,hỏi,vi-VN-Wavenet-B
477,bưởi,hỏi,vi-VN-Wavenet-B
478,giảng,hỏi,vi-VN-Wavenet-B
479,bảnh,hỏi,vi-VN-Wavenet-B
480,nả,hỏi,vi-VN-Wavenet-B
481,tẩm,hỏi,vi-VN-Wavenet-B
482,tẩn,hỏi,vi-VN-Wavenet-B
483,nguẩy,hỏi,vi-VN-Wavenet-B
484,xỉn,hỏi,vi-VN-Wavenet-B
485,ngưởng,hỏi,vi-VN-Wavenet-B
486,mỉ,hỏi,vi-VN-Wavenet-B
487,luẩn,hỏi,vi-VN-Wavenet-B
488,ổi,hỏi,vi-VN-Wavenet-B
489,sẻ,hỏi,vi-VN-Wavenet-B
490,nhỏ,hỏi,vi-VN-Wavenet-B
491,kiểm,hỏi,vi-VN-Wavenet-B
492,khổ,hỏi,vi-VN-Wavenet-B
493,nghỉu,hỏi,vi-VN-Wavenet-B
494,chỉnh,hỏi,vi-VN-Wavenet-B
495,lẳm,hỏi,vi-VN-Wavenet-B
496,lủng,hỏi,vi-VN-Wavenet-B
497,bở,hỏi,vi-VN-Wavenet-B
498,kiểng,hỏi,vi-VN-Wavenet-B
499,đổ,hỏi,vi-VN-Wavenet-B
500,tảo,hỏi,vi-VN-Wavenet-C
501,thảy,hỏi,vi-VN-Wavenet-C
502,cửa,hỏi,vi-VN-Wavenet-C
503,viển,hỏi,vi-VN-Wavenet-C
504,bỉnh,hỏi,vi-VN-Wavenet-C
505,chải,hỏi,vi-VN-Wavenet-C
506,khỏe,hỏi,vi-VN-Wavenet-C
507,vửng,hỏi,vi-VN-Wavenet-C
508,khỉ,hỏi,vi-VN-Wavenet-C
509,chẩn,hỏi,vi-VN-Wavenet-C
510,ổ,hỏi,vi-VN-Wavenet-C
511,lủm,hỏi,vi-VN-Wavenet-C
512,xuể,hỏi,vi-VN-Wavenet-C
513,cổng,hỏi,vi-VN-Wavenet-C
514,chuẩn,hỏi,vi-VN-Wavenet-C
515,nẻ,hỏi,vi-VN-Wavenet-C
516,xuẩn,hỏi,vi-VN-Wavenet-C
517,nổ,hỏi,vi-VN-Wavenet-C
518,tủn,hỏi,vi-VN-Wavenet-C
519,ngủi,hỏi,vi-VN-Wavenet-C
520,bủm,hỏi,vi-VN-Wavenet-C
521,rẩy,hỏi,vi-VN-Wavenet-C
522,lảnh,hỏi,vi-VN-Wavenet-C
523,đẳng,hỏi,vi-VN-Wavenet-C
524,lử,hỏi,vi-VN-Wavenet-C
525,quỉ,hỏi,vi-VN-Wavenet-C
526,rẻ,hỏi,vi-VN-Wavenet-C
527,ủ,hỏi,vi-VN-Wavenet-C
528,bởi,hỏi,vi-VN-Wavenet-C
529,thỏi,hỏi,vi-VN-Wavenet-C
530,nhủ,hỏi,vi-VN-Wavenet-C
531,khiển,hỏi,vi-VN-Wavenet-C
532,đổi,hỏi,vi-VN-Wavenet-C
533,vưởng,hỏi,vi-VN-Wavenet-C
534,giỏi,hỏi,vi-VN-Wavenet-C
535,hỏng,hỏi,vi-VN-Wavenet-C
536,rửa,hỏi,vi-VN-Wavenet-C
537,lở,hỏi,vi-VN-Wavenet-C
538,chủ,hỏi,vi-VN-Wavenet-C
539,rỉ,hỏi,vi-VN-Wavenet-C
540,xỉa,hỏi,vi-VN-Wavenet-C
541,tởm,hỏi,vi-VN-Wavenet-C
542,thỉ,hỏi,vi-VN-Wavenet-C
543,sảnh,hỏi,vi-VN-Wavenet-C
544,xỉ,hỏi,vi-VN-Wavenet-C
545,ngửi,hỏi,vi-VN-Wavenet-C
546,kiểu,hỏi,vi-VN-Wavenet-C
547,sửng,hỏi,vi-VN-Wavenet-C
548,hổm,hỏi,vi-VN-Wavenet-C
549,giủi,hỏi,vi-VN-Wavenet-C
550,đẳng,hỏi,vi-VN-Wavenet-D
551,hưởng,hỏi,vi-VN-Wavenet-D
552,cẩu,hỏi,vi-VN-Wavenet-D
553,chẩm,hỏi,vi-VN-Wavenet-D
554,xỏ,hỏi,vi-VN-Wavenet-D
555,xổ,hỏi,vi-VN-Wavenet-D
556,khoảnh,hỏi,vi-VN-Wavenet-D
557,phổi,hỏi,vi-VN-Wavenet-D
558,đỉnh,hỏi,vi-VN-Wavenet-D
559,ỷ,hỏi,vi-VN-Wavenet-D
560,tử,hỏi,vi-VN-Wavenet-D
561,đảng,hỏi,vi-VN-Wavenet-D
562,xử,hỏi,vi-VN-Wavenet-D
563,mảng,hỏi,vi-VN-Wavenet-D
564,mổ,hỏi,vi-VN-Wavenet-D
565,điểm,hỏi,vi-VN-Wavenet-D
566,nẻo,hỏi,vi-VN-Wavenet-D
567,khởi,hỏi,vi-VN-Wavenet-D
568,ảnh,hỏi,vi-VN-Wavenet-D
569,hủy,hỏi,vi-VN-Wavenet-D
570,cẳng,hỏi,vi-VN-Wavenet-D
571,nhỏm,hỏi,vi-VN-Wavenet-D
572,nhải,hỏi,vi-VN-Wavenet-D
573,toản,hỏi,vi-VN-Wavenet-D
574,phải,hỏi,vi-VN-Wavenet-D
575,rỏi,hỏi,vi-VN-Wavenet-D
576,uỷ,hỏi,vi-VN-Wavenet-D
577,nhổm,hỏi,vi-VN-Wavenet-D
578,lỉnh,hỏi,vi-VN-Wavenet-D
579,gởi,hỏi,vi-VN-Wavenet-D
580,sử,hỏi,vi-VN-Wavenet-D
581,tủn,hỏi,vi-VN-Wavenet-D
582,nản,hỏi,vi-VN-Wavenet-D
583,xảm,hỏi,vi-VN-Wavenet-D
584,bổn,hỏi,vi-VN-Wavenet-D
585,sở,hỏi,vi-VN-Wavenet-D
586,hỉnh,hỏi,vi-VN-Wavenet-D
587,vỉ,hỏi,vi-VN-Wavenet-D
588,chả,hỏi,vi-VN-Wavenet-D
589,thảy,hỏi,vi-VN-Wavenet-D
590,ỉn,hỏi,vi-VN-Wavenet-D
591,vẻ,hỏi,vi-VN-Wavenet-D
592,đủ,hỏi,vi-VN-Wavenet-D
593,tửu,hỏi,vi-VN-Wavenet-D
594,trải,hỏi,vi-VN-Wavenet-D
595,khoẻ,hỏi,vi-VN-Wavenet-D
596,trảo,hỏi,vi-VN-Wavenet-D
597,chảo,hỏi,vi-VN-Wavenet-D
598,xỉu,hỏi,vi-VN-Wavenet-D
599,hoẳn,hỏi,vi-VN-Wavenet-D
600,đênh,ngang,vi-VN-Neural2-A
601,mong,ngang,vi-VN-Neural2-A
602,ghen,ngang,vi-VN-Neural2-A
603,bơm,ngang,vi-VN-Neural2-A
604,tho,ngang,vi-VN-Neural2-A
605,tăn,ngang,vi-VN-Neural2-A
606,duy,ngang,vi-VN-Neural2-A
607,oanh,ngang,vi-VN-Neural2-A
608,ngân,ngang,vi-VN-Neural2-A
609,hên,ngang,vi-VN-Neural2-A
610,sên,ngang,vi-VN-Neural2-A
611,mun,ngang,vi-VN-Neural2-A
612,an,ngang,vi-VN-Neural2-A
613,hom,ngang,vi-VN-Neural2-A
614,căn,ngang,vi-VN-Neural2-A
615,thô,ngang,vi-VN-Neural2-A
616,tai,ngang,vi-VN-Neural2-A
617,căm,ngang,vi-VN-Neural2-A
618,ghi,ngang,vi-VN-Neural2-A
619,yêu,ngang,vi-VN-Neural2-A
620,ren,ngang,vi-VN-Neural2-A
621,khum,ngang,vi-VN-Neural2-A
622,măng,ngang,vi-VN-Neural2-A
623,am,ngang,vi-VN-Neural2-A
624,đâm,ngang,vi-VN-Neural2-A
625,măn,ngang,vi-VN-Neural2-A
626,nông,ngang,vi-VN-Neural2-A
627,xoang,ngang,vi-VN-Neural2-A
628,tăm,ngang,vi-VN-Neural2-A
629,như,ngang,vi-VN-Neural2-A
630,om,ngang,vi-VN-Neural2-A
631,gan,ngang,vi-VN-Neural2-A
632,vô,ngang,vi-VN-Neural2-A
633,se,ngang,vi-VN-Neural2-A
634,chăm,ngang,vi-VN-Neural2-A
635,phơ,ngang,vi-VN-Neural2-A
636,gân,ngang,vi-VN-Neural2-A
637,ngu,ngang,vi-VN-Neural2-A
638,men,ngang,vi-VN-Neural2-A
639,phi,ngang,vi-VN-Neural2-A
640,ha,ngang,vi-VN-Neural2-A
641,chang,ngang,vi-VN-Neural2-A
642,mênh,ngang,vi-VN-Neural2-A
643,si,ngang,vi-VN-Neural2-A
644,xuê,ngang,vi-VN-Neural2-A
645,liu,ngang,vi-VN-Neural2-A
646,ôi,ngang,vi-VN-Neural2-A
647,tiêu,ngang,vi-VN-Neural2-A
648,thui,ngang,vi-VN-Neural2-A
649,thoăn,ngang,vi-VN-Neural2-A
650,loanh,ngang,vi-VN-Neural2-D
651,nhem,ngang,vi-VN-Neural2-D
652,man,ngang,vi-VN-Neural2-D
653,tong,ngang,vi-VN-Neural2-D
654,rêu,ngang,vi-VN-Neural2-D
655,om,ngang,vi-VN-Neural2-D
656,hang,ngang,vi-VN-Neural2-D
657,ang,ngang,vi-VN-Neural2-D
658,xênh,ngang,vi-VN-Neural2-D
659,thây,ngang,vi-VN-Neural2-D
660,vinh,ngang,vi-VN-Neural2-D
661,đâm,ngang,vi-VN-Neural2-D
662,lo,ngang,vi-VN-Neural2-D
663,vê,ngang,vi-VN-Neural2-D
664,hông,ngang,vi-VN-Neural2-D
665,xi,ngang,vi-VN-Neural2-D
666,hôn,ngang,vi-VN-Neural2-D
667,coi,ngang,vi-VN-Neural2-D
668,chăn,ngang,vi-VN-Neural2-D
669,bây,ngang,vi-VN-Neural2-D
670,ngơ,ngang,vi-VN-Neural2-D
671,hao,ngang,vi-VN-Neural2-D
672,lăng,ngang,vi-VN-Neural2-D
673,ai,ngang,vi-VN-Neural2-D
674,trao,ngang,vi-VN-Neural2-D
675,biên,ngang,vi-VN-Neural2-D
676,niêm,ngang,vi-VN-Neural2-D
677,xum,ngang,vi-VN-Neural2-D
678,khum,ngang,vi-VN-Neural2-D
679,ranh,ngang,vi-VN-Neural2-D
680,sen,ngang,vi-VN-Neural2-D
681,êm,ngang,vi-VN-Neural2-D
682,quyên,ngang,vi-VN-Neural2-D
683,nem,ngang,vi-VN-Neural2-D
684,hô,ngang,vi-VN-Neural2-D
685,khuây,ngang,vi-VN-Neural2-D
686,giua,ngang,vi-VN-Neural2-D
687,heo,ngang,vi-VN-Neural2-D
688,thôi,ngang,vi-VN-Neural2-D
689,uy,ngang,vi-VN-Neural2-D
690,hăm,ngang,vi-VN-Neural2-D
691,lươm,ngang,vi-VN-Neural2-D
692,so,ngang,vi-VN-Neural2-D
693,bi,ngang,vi-VN-Neural2-D
694,côm,ngang,vi-VN-Neural2-D
695,xâm,ngang,vi-VN-Neural2-D
696,thư,ngang,vi-VN-Neural2-D
697,tra,ngang,vi-VN-Neural2-D
698,uyên,ngang,vi-VN-Neural2-D
699,măng,ngang,vi-VN-Neural2-D
700,cha,ngang,vi-VN-Wavenet-A
701,yêu,ngang,vi-VN-Wavenet-A
702,thư,ngang,vi-VN-Wavenet-A
703,vung,ngang,vi-VN-Wavenet-A
704,nem,ngang,vi-VN-Wavenet-A
705,quanh,ngang,vi-VN-Wavenet-A
706,hy,ngang,vi-VN-Wavenet-A
707,ten,ngang,vi-VN-Wavenet-A
708,dôi,ngang,vi-VN-Wavenet-A
709,ngăn,ngang,vi-VN-Wavenet-A
710,mun,ngang,vi-VN-Wavenet-A
711,kiêng,ngang,vi-VN-Wavenet-A
712,xương,ngang,vi-VN-Wavenet-A
713,khuynh,ngang,vi-VN-Wavenet-A
714,thi,ngang,vi-VN-Wavenet-A
715,phuy,ngang,vi-VN-Wavenet-A
716,vu,ngang,vi-VN-Wavenet-A
717,xoen,ngang,vi-VN-Wavenet-A
718,manh,ngang,vi-VN-Wavenet-A
719,trưa,ngang,vi-VN-Wavenet-A
720,hoa,ngang,vi-VN-Wavenet-A
721,xâu,ngang,vi-VN-Wavenet-A
722,nuôi,ngang,vi-VN-Wavenet-A
723,sưng,ngang,vi-VN-Wavenet-A
724,tăm,ngang,vi-VN-Wavenet-A
725,bây,ngang,vi-VN-Wavenet-A
726,thăng,ngang,vi-VN-Wavenet-A
727,lân,ngang,vi-VN-Wavenet-A
728,nhung,ngang,vi-VN-Wavenet-A
729,loa,ngang,vi-VN-Wavenet-A
730,o,ngang,vi-VN-Wavenet-A
731,phu,ngang,vi-VN-Wavenet-A
732,thun,ngang,vi-VN-Wavenet-A
733,thung,ngang,vi-VN-Wavenet-A
734,nai,ngang,vi-VN-Wavenet-A
735,trôi,ngang,vi-VN-Wavenet-A
736,kho,ngang,vi-VN-Wavenet-A
737,nua,ngang,vi-VN-Wavenet-A
738,đâm,ngang,vi-VN-Wavenet-A
739,quây,ngang,vi-VN-Wavenet-A
740,lui,ngang,vi-VN-Wavenet-A
741,si,ngang,vi-VN-Wavenet-A
742,vôi,ngang,vi-VN-Wavenet-A
743,ngai,ngang,vi-VN-Wavenet-A
744,bên,ngang,vi-VN-Wavenet-A
745,bơm,ngang,vi-VN-Wavenet-A
746,khươn,ngang,vi-VN-Wavenet-A
747,khai,ngang,vi-VN-Wavenet-A
748,niêu,ngang,vi-VN-Wavenet-A
749,tan,ngang,vi-VN-Wavenet-A
750,uyên,ngang,vi-VN-Wavenet-B
751,inh,ngang,vi-VN-Wavenet-B
752,u,ngang,vi-VN-Wavenet-B
753,loan,ngang,vi-VN-Wavenet-B
754,nên,ngang,vi-VN-Wavenet-B
755,sênh,ngang,vi-VN-Wavenet-B
756,my,ngang,vi-VN-Wavenet-B
757,xoay,ngang,vi-VN-Wavenet-B
758,bâu,ngang,vi-VN-Wavenet-B
759,soi,ngang,vi-VN-Wavenet-B
760,tôm,ngang,vi-VN-Wavenet-B
761,đa,ngang,vi-VN-Wavenet-B
762,khoanh,ngang,vi-VN-Wavenet-B
763,ve,ngang,vi-VN-Wavenet-B
764,xoăn,ngang,vi-VN-Wavenet-B
765,nhi,ngang,vi-VN-Wavenet-B
766,nông,ngang,vi-VN-Wavenet-B
767,xâm,ngang,vi-VN-Wavenet-B
768,chưa,ngang,vi-VN-Wavenet-B
769,xem,ngang,vi-VN-Wavenet-B
770,khiêu,ngang,vi-VN-Wavenet-B
771,hươu,ngang,vi-VN-Wavenet-B
772,dâm,ngang,vi-VN-Wavenet-B
773,khung,ngang,vi-VN-Wavenet-B
774,phan,ngang,vi-VN-Wavenet-B
775,khuynh,ngang,vi-VN-Wavenet-B
776,cô,ngang,vi-VN-Wavenet-B
777,ai,ngang,vi-VN-Wavenet-B
778,êm,ngang,vi-VN-Wavenet-B
779,chi,ngang,vi-VN-Wavenet-B
780,căm,ngang,vi-VN-Wavenet-B
781,lân,ngang,vi-VN-Wavenet-B
782,cho,ngang,vi-VN-Wavenet-B
783,go,ngang,vi-VN-Wavenet-B
784,cây,ngang,vi-VN-Wavenet-B
785,khan,ngang,vi-VN-Wavenet-B
786,trăng,ngang,vi-VN-Wavenet-B
787,ngưa,ngang,vi-VN-Wavenet-B
788,sưu,ngang,vi-VN-Wavenet-B
789,xi,ngang,vi-VN-Wavenet-B
790,đung,ngang,vi-VN-Wavenet-B
791,chơ,ngang,vi-VN-Wavenet-B
792,na,ngang,vi-VN-Wavenet-B
793,giây,ngang,vi-VN-Wavenet-B
794,khơi,ngang,vi-VN-Wavenet-B
795,chư,ngang,vi-VN-Wavenet-B
796,thơi,ngang,vi-VN-Wavenet-B
797,khâu,ngang,vi-VN-Wavenet-B
798,quan,ngang,vi-VN-Wavenet-B
799,lu,ngang,vi-VN-Wavenet-B
800,ria,ngang,vi-VN-Wavenet-C
801,lông,ngang,vi-VN-Wavenet-C
802,nem,ngang,vi-VN-Wavenet-C
803,dung,ngang,vi-VN-Wavenet-C
804,the,ngang,vi-VN-Wavenet-C
805,gay,ngang,vi-VN-Wavenet-C
806,hơn,ngang,vi-VN-Wavenet-C
807,thao,ngang,vi-VN-Wavenet-C
808,tham,ngang,vi-VN-Wavenet-C
809,niu,ngang,vi-VN-Wavenet-C
810,neo,ngang,vi-VN-Wavenet-C
811,riêu,ngang,vi-VN-Wavenet-C
812,thông,ngang,vi-VN-Wavenet-C
813,ôi,ngang,vi-VN-Wavenet-C
814,lưng,ngang,vi-VN-Wavenet-C
815,mông,ngang,vi-VN-Wavenet-C
816,chao,ngang,vi-VN-Wavenet-C
817,ba,ngang,vi-VN-Wavenet-C
818,khươn,ngang,vi-VN-Wavenet-C
819,cơm,ngang,vi-VN-Wavenet-C
820,sim,ngang,vi-VN-Wavenet-C
821,lơi,ngang,vi-VN-Wavenet-C
822,bôi,ngang,vi-VN-Wavenet-C
823,trăng,ngang,vi-VN-Wavenet-C
824,ghen,ngang,vi-VN-Wavenet-C
825,soi,ngang,vi-VN-Wavenet-C
826,côn,ngang,vi-VN-Wavenet-C
827,my,ngang,vi-VN-Wavenet-C
828,rinh,ngang,vi-VN-Wavenet-C
829,dông,ngang,vi-VN-Wavenet-C
830,cơ,ngang,vi-VN-Wavenet-C
831,thơ,ngang,vi-VN-Wavenet-C
832,treo,ngang,vi-VN-Wavenet-C
833,hy,ngang,vi-VN-Wavenet-C
834,thây,ngang,vi-VN-Wavenet-C
835,râm,ngang,vi-VN-Wavenet-C
836,chênh,ngang,vi-VN-Wavenet-C
837,au,ngang,vi-VN-Wavenet-C
838,may,ngang,vi-VN-Wavenet-C
839,ghi,ngang,vi-VN-Wavenet-C
840,chung,ngang,vi-VN-Wavenet-C
841,xum,ngang,vi-VN-Wavenet-C
842,đoan,ngang,vi-VN-Wavenet-C
843,ngoe,ngang,vi-VN-Wavenet-C
844,thân,ngang,vi-VN-Wavenet-C
845,nhan,ngang,vi-VN-Wavenet-C
846,bươu,ngang,vi-VN-Wavenet-C
847,thơm,ngang,vi-VN-Wavenet-C
848,thoang,ngang,vi-VN-Wavenet-C
849,xy,ngang,vi-VN-Wavenet-C
850,nhao,ngang,vi-VN-Wavenet-D
851,lai,ngang,vi-VN-Wavenet-D
852,trong,ngang,vi-VN-Wavenet-D
853,nho,ngang,vi-VN-Wavenet-D
854,giun,ngang,vi-VN-Wavenet-D
855,nương,ngang,vi-VN-Wavenet-D
856,rơ,ngang,vi-VN-Wavenet-D
857,teo,ngang,vi-VN-Wavenet-D
858,du,ngang,vi-VN-Wavenet-D
859,công,ngang,vi-VN-Wavenet-D
860,căn,ngang,vi-VN-Wavenet-D
861,khôi,ngang,vi-VN-Wavenet-D
862,miên,ngang,vi-VN-Wavenet-D
863,ngưu,ngang,vi-VN-Wavenet-D
864,quang,ngang,vi-VN-Wavenet-D
865,xen,ngang,vi-VN-Wavenet-D
866,tai,ngang,vi-VN-Wavenet-D
867,truân,ngang,vi-VN-Wavenet-D
868,hăng,ngang,vi-VN-Wavenet-D
869,xoang,ngang,vi-VN-Wavenet-D
870,quay,ngang,vi-VN-Wavenet-D
871,xương,ngang,vi-VN-Wavenet-D
872,dôi,ngang,vi-VN-Wavenet-D
873,thêm,ngang,vi-VN-Wavenet-D
874,nhai,ngang,vi-VN-Wavenet-D
875,xy,ngang,vi-VN-Wavenet-D
876,cua,ngang,vi-VN-Wavenet-D
877,nghiên,ngang,vi-VN-Wavenet-D
878,tông,ngang,vi-VN-Wavenet-D
879,xanh,ngang,vi-VN-Wavenet-D
880,sênh,ngang,vi-VN-Wavenet-D
881,ghen,ngang,vi-VN-Wavenet-D
882,ao,ngang,vi-VN-Wavenet-D
883,tri,ngang,vi-VN-Wavenet-D
884,gô,ngang,vi-VN-Wavenet-D
885,điên,ngang,vi-VN-Wavenet-D
886,lem,ngang,vi-VN-Wavenet-D
887,sưa,ngang,vi-VN-Wavenet-D
888,lin,ngang,vi-VN-Wavenet-D
889,châm,ngang,vi-VN-Wavenet-D
890,giam,ngang,vi-VN-Wavenet-D
891,ngơi,ngang,vi-VN-Wavenet-D
892,sâm,ngang,vi-VN-Wavenet-D
893,đung,ngang,vi-VN-Wavenet-D
894,nhơi,ngang,vi-VN-Wavenet-D
895,phung,ngang,vi-VN-Wavenet-D
896,toan,ngang,vi-VN-Wavenet-D
897,nhiêu,ngang,vi-VN-Wavenet-D
898,rau,ngang,vi-VN-Wavenet-D
899,ngưa,ngang,vi-VN-Wavenet-D
900,đỗ,ngã,vi-VN-Neural2-A
901,mãi,ngã,vi-VN-Neural2-A
902,đẫm,ngã,vi-VN-Neural2-A
903,nghẽn,ngã,vi-VN-Neural2-A
904,lãi,ngã,vi-VN-Neural2-A
905,nghĩa,ngã,vi-VN-Neural2-A
906,sãi,ngã,vi-VN-Neural2-A
907,hãng,ngã,vi-VN-Neural2-A
908,chữ,ngã,vi-VN-Neural2-A
909,phỡn,ngã,vi-VN-Neural2-A
910,lỗi,ngã,vi-VN-Neural2-A
911,cuỗm,ngã,vi-VN-Neural2-A
912,tũm,ngã,vi-VN-Neural2-A
913,lễ,ngã,vi-VN-Neural2-A
914,dỗi,ngã,vi-VN-Neural2-A
915,bẫy,ngã,vi-VN-Neural2-A
916,nhõm,ngã,vi-VN-Neural2-A
917,nghĩnh,ngã,vi-VN-Neural2-A
918,dữ,ngã,vi-VN-Neural2-A
919,khẽ,ngã,vi-VN-Neural2-A
920,bão,ngã,vi-VN-Neural2-A
921,bẵng,ngã,vi-VN-Neural2-A
922,mỹ,ngã,vi-VN-Neural2-A
923,nũng,ngã,vi-VN-Neural2-A
924,ngõ,ngã,vi-VN-Neural2-A
925,rưỡi,ngã,vi-VN-Neural2-A
926,dỗ,ngã,vi-VN-Neural2-A
927,quãng,ngã,vi-VN-Neural2-A
928,đũa,ngã,vi-VN-Neural2-A
929,dễ,ngã,vi-VN-Neural2-A
930,cãi,ngã,vi-VN-Neural2-A
931,mõ,ngã,vi-VN-Neural2-A
932,nhũng,ngã,vi-VN-Neural2-A
933,diễn,ngã,vi-VN-Neural2-A
934,vũ,ngã,vi-VN-Neural2-A
935,nhã,ngã,vi-VN-Neural2-A
936,nĩa,ngã,vi-VN-Neural2-A
937,loãng,ngã,vi-VN-Neural2-A
938,bẽn,ngã,vi-VN-Neural2-A
939,quĩ,ngã,vi-VN-Neural2-A
940,bõng,ngã,vi-VN-Neural2-A
941,cỡ,ngã,vi-VN-Neural2-A
942,giữ,ngã,vi-VN-Neural2-A
943,trữ,ngã,vi-VN-Neural2-A
944,dũng,ngã,vi-VN-Neural2-A
945,quỹ,ngã,vi-VN-Neural2-A
946,chĩn,ngã,vi-VN-Neural2-A
947,lũy,ngã,vi-VN-Neural2-A
948,lã,ngã,vi-VN-Neural2-A
949,trã,ngã,vi-VN-Neural2-A
950,nhiễu,ngã,vi-VN-Neural2-D
951,cưỡi,ngã,vi-VN-Neural2-D
952,bão,ngã,vi-VN-Neural2-D
953,trưỡng,ngã,vi-VN-Neural2-D
954,sẫm,ngã,vi-VN-Neural2-D
955,sữa,ngã,vi-VN-Neural2-D
956,lững,ngã,vi-VN-Neural2-D
957,mĩm,ngã,vi-VN-Neural2-D
958,mẫu,ngã,vi-VN-Neural2-D
959,giũa,ngã,vi-VN-Neural2-D
960,tễnh,ngã,vi-VN-Neural2-D
961,cỡ,ngã,vi-VN-Neural2-D
962,gãi,ngã,vi-VN-Neural2-D
963,lữ,ngã,vi-VN-Neural2-D
964,đãi,ngã,vi-VN-Neural2-D
965,ngẫm,ngã,vi-VN-Neural2-D
966,dỗ,ngã,vi-VN-Neural2-D
967,nguyễn,ngã,vi-VN-Neural2-D
968,vũ,ngã,vi-VN-Neural2-D
969,chĩn,ngã,vi-VN-Neural2-D
970,vẫn,ngã,vi-VN-Neural2-D
971,xẵng,ngã,vi-VN-Neural2-D
972,nghĩa,ngã,vi-VN-Neural2-D
973,lã,ngã,vi-VN-Neural2-D
974,rõ,ngã,vi-VN-Neural2-D
975,những,ngã,vi-VN-Neural2-D
976,trã,ngã,vi-VN-Neural2-D
977,doãn,ngã,vi-VN-Neural2-D
978,mỡ,ngã,vi-VN-Neural2-D
979,ĩ,ngã,vi-VN-Neural2-D
980,chữa,ngã,vi-VN-Neural2-D
981,rữa,ngã,vi-VN-Neural2-D
982,bũm,ngã,vi-VN-Neural2-D
983,giã,ngã,vi-VN-Neural2-D
984,cõng,ngã,vi-VN-Neural2-D
985,nỗi,ngã,vi-VN-Neural2-D
986,nữa,ngã,vi-VN-Neural2-D
987,giũ,ngã,vi-VN-Neural2-D
988,nghẽn,ngã,vi-VN-Neural2-D
989,rãi,ngã,vi-VN-Neural2-D
990,chẵn,ngã,vi-VN-Neural2-D
991,hãi,ngã,vi-VN-Neural2-D
992,hãng,ngã,vi-VN-Neural2-D
993,bẽn,ngã,vi-VN-Neural2-D
994,lũy,ngã,vi-VN-Neural2-D
995,ngỗ,ngã,vi-VN-Neural2-D
996,ngoãn,ngã,vi-VN-Neural2-D
997,khẽ,ngã,vi-VN-Neural2-D
998,dỗi,ngã,vi-VN-Neural2-D
999,dưỡng,ngã,vi-VN-Neural2-D
1000,nhãi,ngã,vi-VN-Wavenet-A
1001,nữ,ngã,vi-VN-Wavenet-A
1002,bõm,ngã,vi-VN-Wavenet-A
1003,ruỗng,ngã,vi-VN-Wavenet-A
1004,bõng,ngã,vi-VN-Wavenet-A
1005,vỡ,ngã,vi-VN-Wavenet-A
1006,não,ngã,vi-VN-Wavenet-A
1007,đẫm,ngã,vi-VN-Wavenet-A
1008,võ,ngã,vi-VN-Wavenet-A
1009,giỗ,ngã,vi-VN-Wavenet-A
1010,giỡn,ngã,vi-VN-Wavenet-A
1011,nõn,ngã,vi-VN-Wavenet-A
1012,vẽ,ngã,vi-VN-Wavenet-A
1013,lỡm,ngã,vi-VN-Wavenet-A
1014,kẽ,ngã,vi-VN-Wavenet-A
1015,nhũ,ngã,vi-VN-Wavenet-A
1016,lỗi,ngã,vi-VN-Wavenet-A
1017,mãng,ngã,vi-VN-Wavenet-A
1018,nhưỡng,ngã,vi-VN-Wavenet-A
1019,ngỗ,ngã,vi-VN-Wavenet-A
1020,chỗ,ngã,vi-VN-Wavenet-A
1021,hão,ngã,vi-VN-Wavenet-A
1022,đãng,ngã,vi-VN-Wavenet-A
1023,lãnh,ngã,vi-VN-Wavenet-A
1024,mỗi,ngã,vi-VN-Wavenet-A
1025,hữu,ngã,vi-VN-Wavenet-A
1026,bẽn,ngã,vi-VN-Wavenet-A
1027,kẽo,ngã,vi-VN-Wavenet-A
1028,chũi,ngã,vi-VN-Wavenet-A
1029,dãng,ngã,vi-VN-Wavenet-A
1030,phỡn,ngã,vi-VN-Wavenet-A
1031,lũn,ngã,vi-VN-Wavenet-A
1032,dĩ,ngã,vi-VN-Wavenet-A
1033,mõm,ngã,vi-VN-Wavenet-A
1034,cỗ,ngã,vi-VN-Wavenet-A
1035,nỗ,ngã,vi-VN-Wavenet-A
1036,giũ,ngã,vi-VN-Wavenet-A
1037,lẫy,ngã,vi-VN-Wavenet-A
1038,quĩ,ngã,vi-VN-Wavenet-A
1039,mãnh,ngã,vi-VN-Wavenet-A
1040,lõm,ngã,vi-VN-Wavenet-A
1041,nũng,ngã,vi-VN-Wavenet-A
1042,nhõm,ngã,vi-VN-Wavenet-A
1043,rỡ,ngã,vi-VN-Wavenet-A
1044,trẽn,ngã,vi-VN-Wavenet-A
1045,hũm,ngã,vi-VN-Wavenet-A
1046,vẫy,ngã,vi-VN-Wavenet-A
1047,giã,ngã,vi-VN-Wavenet-A
1048,rễ,ngã,vi-VN-Wavenet-A
1049,vĩ,ngã,vi-VN-Wavenet-A
1050,sỡ,ngã,vi-VN-Wavenet-B
1051,dẫm,ngã,vi-VN-Wavenet-B
1052,mỗi,ngã,vi-VN-Wavenet-B
1053,thững,ngã,vi-VN-Wavenet-B
1054,vũng,ngã,vi-VN-Wavenet-B
1055,rỡn,ngã,vi-VN-Wavenet-B
1056,huyễn,ngã,vi-VN-Wavenet-B
1057,chững,ngã,vi-VN-Wavenet-B
1058,đẽ,ngã,vi-VN-Wavenet-B
1059,trễ,ngã,vi-VN-Wavenet-B
1060,cẫng,ngã,vi-VN-Wavenet-B
1061,giãn,ngã,vi-VN-Wavenet-B
1062,xõa,ngã,vi-VN-Wavenet-B
1063,sĩ,ngã,vi-VN-Wavenet-B
1064,dĩa,ngã,vi-VN-Wavenet-B
1065,lỡ,ngã,vi-VN-Wavenet-B
1066,ghẽ,ngã,vi-VN-Wavenet-B
1067,lỡm,ngã,vi-VN-Wavenet-B
1068,hễ,ngã,vi-VN-Wavenet-B
1069,mỹ,ngã,vi-VN-Wavenet-B
1070,chữa,ngã,vi-VN-Wavenet-B
1071,nhã,ngã,vi-VN-Wavenet-B
1072,bũm,ngã,vi-VN-Wavenet-B
1073,hũm,ngã,vi-VN-Wavenet-B
1074,vỗ,ngã,vi-VN-Wavenet-B
1075,võng,ngã,vi-VN-Wavenet-B
1076,hãi,ngã,vi-VN-Wavenet-B
1077,cữ,ngã,vi-VN-Wavenet-B
1078,lõi,ngã,vi-VN-Wavenet-B
1079,ngữ,ngã,vi-VN-Wavenet-B
1080,cõng,ngã,vi-VN-Wavenet-B
1081,đã,ngã,vi-VN-Wavenet-B
1082,chẽ,ngã,vi-VN-Wavenet-B
1083,phẫu,ngã,vi-VN-Wavenet-B
1084,quẫy,ngã,vi-VN-Wavenet-B
1085,lãn,ngã,vi-VN-Wavenet-B
1086,ngẫu,ngã,vi-VN-Wavenet-B
1087,mĩm,ngã,vi-VN-Wavenet-B
1088,ngãi,ngã,vi-VN-Wavenet-B
1089,tã,ngã,vi-VN-Wavenet-B
1090,dãng,ngã,vi-VN-Wavenet-B
1091,dũng,ngã,vi-VN-Wavenet-B
1092,lẫn,ngã,vi-VN-Wavenet-B
1093,gẫm,ngã,vi-VN-Wavenet-B
1094,sũng,ngã,vi-VN-Wavenet-B
1095,lão,ngã,vi-VN-Wavenet-B
1096,tiễn,ngã,vi-VN-Wavenet-B
1097,rĩ,ngã,vi-VN-Wavenet-B
1098,cũ,ngã,vi-VN-Wavenet-B
1099,vẽ,ngã,vi-VN-Wavenet-B
1100,cưỡng,ngã,vi-VN-Wavenet-C
1101,lĩnh,ngã,vi-VN-Wavenet-C
1102,mỗi,ngã,vi-VN-Wavenet-C
1103,mũ,ngã,vi-VN-Wavenet-C
1104,mẫu,ngã,vi-VN-Wavenet-C
1105,rỗi,ngã,vi-VN-Wavenet-C
1106,cỗ,ngã,vi-VN-Wavenet-C
1107,hãy,ngã,vi-VN-Wavenet-C
1108,dẫy,ngã,vi-VN-Wavenet-C
1109,phĩnh,ngã,vi-VN-Wavenet-C
1110,bõm,ngã,vi-VN-Wavenet-C
1111,ngõ,ngã,vi-VN-Wavenet-C
1112,mĩm,ngã,vi-VN-Wavenet-C
1113,hữu,ngã,vi-VN-Wavenet-C
1114,chỗ,ngã,vi-VN-Wavenet-C
1115,lữa,ngã,vi-VN-Wavenet-C
1116,hãn,ngã,vi-VN-Wavenet-C
1117,đũng,ngã,vi-VN-Wavenet-C
1118,dẫu,ngã,vi-VN-Wavenet-C
1119,gãy,ngã,vi-VN-Wavenet-C
1120,nõn,ngã,vi-VN-Wavenet-C
1121,giễu,ngã,vi-VN-Wavenet-C
1122,chã,ngã,vi-VN-Wavenet-C
1123,chữa,ngã,vi-VN-Wavenet-C
1124,lão,ngã,vi-VN-Wavenet-C
1125,lũ,ngã,vi-VN-Wavenet-C
1126,nghĩ,ngã,vi-VN-Wavenet-C
1127,rữa,ngã,vi-VN-Wavenet-C
1128,dỡ,ngã,vi-VN-Wavenet-C
1129,gũi,ngã,vi-VN-Wavenet-C
1130,ngẵng,ngã,vi-VN-Wavenet-C
1131,bãi,ngã,vi-VN-Wavenet-C
1132,dãng,ngã,vi-VN-Wavenet-C
1133,chũi,ngã,vi-VN-Wavenet-C
1134,đũa,ngã,vi-VN-Wavenet-C
1135,tũm,ngã,vi-VN-Wavenet-C
1136,lẽo,ngã,vi-VN-Wavenet-C
1137,vĩnh,ngã,vi-VN-Wavenet-C
1138,tễnh,ngã,vi-VN-Wavenet-C
1139,lỡm,ngã,vi-VN-Wavenet-C
1140,dẫn,ngã,vi-VN-Wavenet-C
1141,thẫm,ngã,vi-VN-Wavenet-C
1142,lỗi,ngã,vi-VN-Wavenet-C
1143,ngoãn,ngã,vi-VN-Wavenet-C
1144,bã,ngã,vi-VN-Wavenet-C
1145,lãi,ngã,vi-VN-Wavenet-C
1146,rõ,ngã,vi-VN-Wavenet-C
1147,cữ,ngã,vi-VN-Wavenet-C
1148,nhẫn,ngã,vi-VN-Wavenet-C
1149,dĩa,ngã,vi-VN-Wavenet-C
1150,phễu,ngã,vi-VN-Wavenet-D
1151,dẫy,ngã,vi-VN-Wavenet-D
1152,phỗng,ngã,vi-VN-Wavenet-D
1153,ngữ,ngã,vi-VN-Wavenet-D
1154,nõn,ngã,vi-VN-Wavenet-D
1155,ngẫm,ngã,vi-VN-Wavenet-D
1156,dẫm,ngã,vi-VN-Wavenet-D
1157,lũ,ngã,vi-VN-Wavenet-D
1158,trẽn,ngã,vi-VN-Wavenet-D
1159,nghẽn,ngã,vi-VN-Wavenet-D
1160,tũm,ngã,vi-VN-Wavenet-D
1161,gẫm,ngã,vi-VN-Wavenet-D
1162,sữa,ngã,vi-VN-Wavenet-D
1163,quỹ,ngã,vi-VN-Wavenet-D
1164,dã,ngã,vi-VN-Wavenet-D
1165,đũa,ngã,vi-VN-Wavenet-D
1166,nhão,ngã,vi-VN-Wavenet-D
1167,trẫm,ngã,vi-VN-Wavenet-D
1168,chỗ,ngã,vi-VN-Wavenet-D
1169,muỗi,ngã,vi-VN-Wavenet-D
1170,cỗi,ngã,vi-VN-Wavenet-D
1171,sẫm,ngã,vi-VN-Wavenet-D
1172,gẫu,ngã,vi-VN-Wavenet-D
1173,mẫu,ngã,vi-VN-Wavenet-D
1174,hữu,ngã,vi-VN-Wavenet-D
1175,gãy,ngã,vi-VN-Wavenet-D
1176,bõng,ngã,vi-VN-Wavenet-D
1177,lĩnh,ngã,vi-VN-Wavenet-D
1178,giỗ,ngã,vi-VN-Wavenet-D
1179,quãng,ngã,vi-VN-Wavenet-D
1180,giẫm,ngã,vi-VN-Wavenet-D
1181,miễn,ngã,vi-VN-Wavenet-D
1182,lãn,ngã,vi-VN-Wavenet-D
1183,chữ,ngã,vi-VN-Wavenet-D
1184,ngỗ,ngã,vi-VN-Wavenet-D
1185,bỡ,ngã,vi-VN-Wavenet-D
1186,cũ,ngã,vi-VN-Wavenet-D
1187,nhũ,ngã,vi-VN-Wavenet-D
1188,ngã,ngã,vi-VN-Wavenet-D
1189,lõi,ngã,vi-VN-Wavenet-D
1190,giễu,ngã,vi-VN-Wavenet-D
1191,dưỡng,ngã,vi-VN-Wavenet-D
1192,đẽ,ngã,vi-VN-Wavenet-D
1193,ngoãn,ngã,vi-VN-Wavenet-D
1194,lỗ,ngã,vi-VN-Wavenet-D
1195,mỡ,ngã,vi-VN-Wavenet-D
1196,rễ,ngã,vi-VN-Wavenet-D
1197,ẵm,ngã,vi-VN-Wavenet-D
1198,viễn,ngã,vi-VN-Wavenet-D
1199,hũm,ngã,vi-VN-Wavenet-D
1200,quạng,nặng,vi-VN-Neural2-A
1201,miệt,nặng,vi-VN-Neural2-A
1202,cuộc,nặng,vi-VN-Neural2-A
1203,bợ,nặng,vi-VN-Neural2-A
1204,đợp,nặng,vi-VN-Neural2-A
1205,sụn,nặng,vi-VN-Neural2-A
1206,hoại,nặng,vi-VN-Neural2-A
1207,cụp,nặng,vi-VN-Neural2-A
1208,ngậu,nặng,vi-VN-Neural2-A
1209,cạm,nặng,vi-VN-Neural2-A
1210,mệnh,nặng,vi-VN-Neural2-A
1211,dội,nặng,vi-VN-Neural2-A
1212,rạt,nặng,vi-VN-Neural2-A
1213,lạn,nặng,vi-VN-Neural2-A
1214,thịu,nặng,vi-VN-Neural2-A
1215,ngực,nặng,vi-VN-Neural2-A
1216,mẹo,nặng,vi-VN-Neural2-A
1217,cộng,nặng,vi-VN-Neural2-A
1218,trị,nặng,vi-VN-Neural2-A
1219,cọc,nặng,vi-VN-Neural2-A
1220,gục,nặng,vi-VN-Neural2-A
1221,gọn,nặng,vi-VN-Neural2-A
1222,thập,nặng,vi-VN-Neural2-A
1223,nguyện,nặng,vi-VN-Neural2-A
1224,lợn,nặng,vi-VN-Neural2-A
1225,phệnh,nặng,vi-VN-Neural2-A
1226,mạn,nặng,vi-VN-Neural2-A
1227,bọp,nặng,vi-VN-Neural2-A
1228,quật,nặng,vi-VN-Neural2-A
1229,sụt,nặng,vi-VN-Neural2-A
1230,ọe,nặng,vi-VN-Neural2-A
1231,chuyện,nặng,vi-VN-Neural2-A
1232,bực,nặng,vi-VN-Neural2-A
1233,soạn,nặng,vi-VN-Neural2-A
1234,bộc,nặng,vi-VN-Neural2-A
1235,ngặt,nặng,vi-VN-Neural2-A
1236,nạp,nặng,vi-VN-Neural2-A
1237,ngoặt,nặng,vi-VN-Neural2-A
1238,nhện,nặng,vi-VN-Neural2-A
1239,mượt,nặng,vi-VN-Neural2-A
1240,ngự,nặng,vi-VN-Neural2-A
1241,lượt,nặng,vi-VN-Neural2-A
1242,chọi,nặng,vi-VN-Neural2-A
1243,vọng,nặng,vi-VN-Neural2-A
1244,trục,nặng,vi-VN-Neural2-A
1245,mượn,nặng,vi-VN-Neural2-A
1246,vạc,nặng,vi-VN-Neural2-A
1247,mịt,nặng,vi-VN-Neural2-A
1248,trực,nặng,vi-VN-Neural2-A
1249,bạch,nặng,vi-VN-Neural2-A
1250,cậy,nặng,vi-VN-Neural2-D
1251,uỵch,nặng,vi-VN-Neural2-D
1252,đợp,nặng,vi-VN-Neural2-D
1253,kệ,nặng,vi-VN-Neural2-D
1254,rặng,nặng,vi-VN-Neural2-D
1255,đợt,nặng,vi-VN-Neural2-D
1256,đoạn,nặng,vi-VN-Neural2-D
1257,sạo,nặng,vi-VN-Neural2-D
1258,bợm,nặng,vi-VN-Neural2-D
1259,nệm,nặng,vi-VN-Neural2-D
1260,quệ,nặng,vi-VN-Neural2-D
1261,cực,nặng,vi-VN-Neural2-D
1262,dị,nặng,vi-VN-Neural2-D
1263,phượng,nặng,vi-VN-Neural2-D
1264,bột,nặng,vi-VN-Neural2-D
1265,sịt,nặng,vi-VN-Neural2-D
1266,uột,nặng,vi-VN-Neural2-D
1267,phiện,nặng,vi-VN-Neural2-D
1268,nhược,nặng,vi-VN-Neural2-D
1269,diệm,nặng,vi-VN-Neural2-D
1270,bệch,nặng,vi-VN-Neural2-D
1271,tận,nặng,vi-VN-Neural2-D
1272,cạch,nặng,vi-VN-Neural2-D
1273,vẹo,nặng,vi-VN-Neural2-D
1274,dụng,nặng,vi-VN-Neural2-D
1275,chẹo,nặng,vi-VN-Neural2-D
1276,nguyện,nặng,vi-VN-Neural2-D
1277,dặc,nặng,vi-VN-Neural2-D
1278,chạn,nặng,vi-VN-Neural2-D
1279,nhượng,nặng,vi-VN-Neural2-D
1280,lệ,nặng,vi-VN-Neural2-D
1281,tợp,nặng,vi-VN-Neural2-D
1282,chục,nặng,vi-VN-Neural2-D
1283,đội,nặng,vi-VN-Neural2-D
1284,gội,nặng,vi-VN-Neural2-D
1285,miệng,nặng,vi-VN-Neural2-D
1286,dậm,nặng,vi-VN-Neural2-D
1287,tạng,nặng,vi-VN-Neural2-D
1288,đặc,nặng,vi-VN-Neural2-D
1289,trộm,nặng,vi-VN-Neural2-D
1290,ngập,nặng,vi-VN-Neural2-D
1291,vệ,nặng,vi-VN-Neural2-D
1292,tuệ,nặng,vi-VN-Neural2-D
1293,gạt,nặng,vi-VN-Neural2-D
1294,tẹo,nặng,vi-VN-Neural2-D
1295,nọt,nặng,vi-VN-Neural2-D
1296,gọt,nặng,vi-VN-Neural2-D
1297,giựt,nặng,vi-VN-Neural2-D
1298,gật,nặng,vi-VN-Neural2-D
1299,rọi,nặng,vi-VN-Neural2-D
1300,lọt,nặng,vi-VN-Wavenet-A
1301,ngụ,nặng,vi-VN-Wavenet-A
1302,quặn,nặng,vi-VN-Wavenet-A
1303,thận,nặng,vi-VN-Wavenet-A
1304,trụy,nặng,vi-VN-Wavenet-A
1305,đoạt,nặng,vi-VN-Wavenet-A
1306,rựa,nặng,vi-VN-Wavenet-A
1307,rộ,nặng,vi-VN-Wavenet-A
1308,dạy,nặng,vi-VN-Wavenet-A
1309,nộn,nặng,vi-VN-Wavenet-A
1310,lợp,nặng,vi-VN-Wavenet-A
1311,trị,nặng,vi-VN-Wavenet-A
1312,lịnh,nặng,vi-VN-Wavenet-A
1313,tẹp,nặng,vi-VN-Wavenet-A
1314,đạm,nặng,vi-VN-Wavenet-A
1315,nhập,nặng,vi-VN-Wavenet-A
1316,bậc,nặng,vi-VN-Wavenet-A
1317,vện,nặng,vi-VN-Wavenet-A
1318,bợ,nặng,vi-VN-Wavenet-A
1319,mệ,nặng,vi-VN-Wavenet-A
1320,nhị,nặng,vi-VN-Wavenet-A
1321,đẹp,nặng,vi-VN-Wavenet-A
1322,kiệu,nặng,vi-VN-Wavenet-A
1323,gặp,nặng,vi-VN-Wavenet-A
1324,kỵ,nặng,vi-VN-Wavenet-A
1325,soạn,nặng,vi-VN-Wavenet-A
1326,dẹp,nặng,vi-VN-Wavenet-A
1327,chịt,nặng,vi-VN-Wavenet-A
1328,dạng,nặng,vi-VN-Wavenet-A
1329,mượn,nặng,vi-VN-Wavenet-A
1330,đọng,nặng,vi-VN-Wavenet-A
1331,dọa,nặng,vi-VN-Wavenet-A
1332,ngượng,nặng,vi-VN-Wavenet-A
1333,nghẹo,nặng,vi-VN-Wavenet-A
1334,giựt,nặng,vi-VN-Wavenet-A
1335,thự,nặng,vi-VN-Wavenet-A
1336,truyện,nặng,vi-VN-Wavenet-A
1337,động,nặng,vi-VN-Wavenet-A
1338,dạm,nặng,vi-VN-Wavenet-A
1339,tựu,nặng,vi-VN-Wavenet-A
1340,nhuộm,nặng,vi-VN-Wavenet-A
1341,phịch,nặng,vi-VN-Wavenet-A
1342,xạ,nặng,vi-VN-Wavenet-A
1343,mực,nặng,vi-VN-Wavenet-A
1344,cự,nặng,vi-VN-Wavenet-A
1345,kiệm,nặng,vi-VN-Wavenet-A
1346,lợm,nặng,vi-VN-Wavenet-A
1347,loạt,nặng,vi-VN-Wavenet-A
1348,lại,nặng,vi-VN-Wavenet-A
1349,phộng,nặng,vi-VN-Wavenet-A
1350,gạn,nặng,vi-VN-Wavenet-B
1351,họp,nặng,vi-VN-Wavenet-B
1352,mợ,nặng,vi-VN-Wavenet-B
1353,điện,nặng,vi-VN-Wavenet-B
1354,ruộng,nặng,vi-VN-Wavenet-B
1355,tẹo,nặng,vi-VN-Wavenet-B
1356,phạc,nặng,vi-VN-Wavenet-B
1357,lọt,nặng,vi-VN-Wavenet-B
1358,ệch,nặng,vi-VN-Wavenet-B
1359,mệnh,nặng,vi-VN-Wavenet-B
1360,mạo,nặng,vi-VN-Wavenet-B
1361,huyện,nặng,vi-VN-Wavenet-B
1362,lục,nặng,vi-VN-Wavenet-B
1363,chậm,nặng,vi-VN-Wavenet-B
1364,lặm,nặng,vi-VN-Wavenet-B
1365,lạt,nặng,vi-VN-Wavenet-B
1366,chọt,nặng,vi-VN-Wavenet-B
1367,vợi,nặng,vi-VN-Wavenet-B
1368,trọ,nặng,vi-VN-Wavenet-B
1369,vuột,nặng,vi-VN-Wavenet-B
1370,bụng,nặng,vi-VN-Wavenet-B
1371,đậm,nặng,vi-VN-Wavenet-B
1372,nhật,nặng,vi-VN-Wavenet-B
1373,xụi,nặng,vi-VN-Wavenet-B
1374,chẹo,nặng,vi-VN-Wavenet-B
1375,bẹp,nặng,vi-VN-Wavenet-B
1376,bọc,nặng,vi-VN-Wavenet-B
1377,hận,nặng,vi-VN-Wavenet-B
1378,cụt,nặng,vi-VN-Wavenet-B
1379,huệ,nặng,vi-VN-Wavenet-B
1380,giọ,nặng,vi-VN-Wavenet-B
1381,kẹo,nặng,vi-VN-Wavenet-B
1382,sạo,nặng,vi-VN-Wavenet-B
1383,miệng,nặng,vi-VN-Wavenet-B
1384,bịch,nặng,vi-VN-Wavenet-B
1385,trận,nặng,vi-VN-Wavenet-B
1386,vợt,nặng,vi-VN-Wavenet-B
1387,nghẹo,nặng,vi-VN-Wavenet-B
1388,vượng,nặng,vi-VN-Wavenet-B
1389,giật,nặng,vi-VN-Wavenet-B
1390,nịu,nặng,vi-VN-Wavenet-B
1391,mạch,nặng,vi-VN-Wavenet-B
1392,cạo,nặng,vi-VN-Wavenet-B
1393,rạ,nặng,vi-VN-Wavenet-B
1394,lượng,nặng,vi-VN-Wavenet-B
1395,nạc,nặng,vi-VN-Wavenet-B
1396,lạc,nặng,vi-VN-Wavenet-B
1397,gặng,nặng,vi-VN-Wavenet-B
1398,nhạo,nặng,vi-VN-Wavenet-B
1399,rượt,nặng,vi-VN-Wavenet-B
1400,bệt,nặng,vi-VN-Wavenet-C
1401,đạt,nặng,vi-VN-Wavenet-C
1402,điệu,nặng,vi-VN-Wavenet-C
1403,nẹp,nặng,vi-VN-Wavenet-C
1404,sực,nặng,vi-VN-Wavenet-C
1405,gợn,nặng,vi-VN-Wavenet-C
1406,lợi,nặng,vi-VN-Wavenet-C
1407,mọng,nặng,vi-VN-Wavenet-C
1408,tự,nặng,vi-VN-Wavenet-C
1409,huệ,nặng,vi-VN-Wavenet-C
1410,đặc,nặng,vi-VN-Wavenet-C
1411,thịt,nặng,vi-VN-Wavenet-C
1412,cuộc,nặng,vi-VN-Wavenet-C
1413,phượng,nặng,vi-VN-Wavenet-C
1414,đạch,nặng,vi-VN-Wavenet-C
1415,rệt,nặng,vi-VN-Wavenet-C
1416,lượt,nặng,vi-VN-Wavenet-C
1417,địu,nặng,vi-VN-Wavenet-C
1418,đận,nặng,vi-VN-Wavenet-C
1419,động,nặng,vi-VN-Wavenet-C
1420,nợ,nặng,vi-VN-Wavenet-C
1421,cọng,nặng,vi-VN-Wavenet-C
1422,sịt,nặng,vi-VN-Wavenet-C
1423,ậm,nặng,vi-VN-Wavenet-C
1424,nọc,nặng,vi-VN-Wavenet-C
1425,chực,nặng,vi-VN-Wavenet-C
1426,họa,nặng,vi-VN-Wavenet-C
1427,ngụ,nặng,vi-VN-Wavenet-C
1428,được,nặng,vi-VN-Wavenet-C
1429,mụp,nặng,vi-VN-Wavenet-C
1430,rộp,nặng,vi-VN-Wavenet-C
1431,lợp,nặng,vi-VN-Wavenet-C
1432,nhiệm,nặng,vi-VN-Wavenet-C
1433,bực,nặng,vi-VN-Wavenet-C
1434,đậu,nặng,vi-VN-Wavenet-C
1435,xịt,nặng,vi-VN-Wavenet-C
1436,thịnh,nặng,vi-VN-Wavenet-C
1437,sạt,nặng,vi-VN-Wavenet-C
1438,chị,nặng,vi-VN-Wavenet-C
1439,lột,nặng,vi-VN-Wavenet-C
1440,vợ,nặng,vi-VN-Wavenet-C
1441,vuột,nặng,vi-VN-Wavenet-C
1442,nhị,nặng,vi-VN-Wavenet-C
1443,chẹo,nặng,vi-VN-Wavenet-C
1444,lạm,nặng,vi-VN-Wavenet-C
1445,hạt,nặng,vi-VN-Wavenet-C
1446,gật,nặng,vi-VN-Wavenet-C
1447,quạch,nặng,vi-VN-Wavenet-C
1448,cục,nặng,vi-VN-Wavenet-C
1449,rợp,nặng,vi-VN-Wavenet-C
1450,quặm,nặng,vi-VN-Wavenet-D
1451,luật,nặng,vi-VN-Wavenet-D
1452,lộc,nặng,vi-VN-Wavenet-D
1453,bạch,nặng,vi-VN-Wavenet-D
1454,ệch,nặng,vi-VN-Wavenet-D
1455,ngọ,nặng,vi-VN-Wavenet-D
1456,nghẹn,nặng,vi-VN-Wavenet-D
1457,ngụa,nặng,vi-VN-Wavenet-D
1458,ngực,nặng,vi-VN-Wavenet-D
1459,gặt,nặng,vi-VN-Wavenet-D
1460,trụt,nặng,vi-VN-Wavenet-D
1461,quyệt,nặng,vi-VN-Wavenet-D
1462,lụ,nặng,vi-VN-Wavenet-D
1463,thọt,nặng,vi-VN-Wavenet-D
1464,rẹo,nặng,vi-VN-Wavenet-D
1465,kịch,nặng,vi-VN-Wavenet-D
1466,mọng,nặng,vi-VN-Wavenet-D
1467,trị,nặng,vi-VN-Wavenet-D
1468,trụa,nặng,vi-VN-Wavenet-D
1469,đội,nặng,vi-VN-Wavenet-D
1470,rực,nặng,vi-VN-Wavenet-D
1471,họng,nặng,vi-VN-Wavenet-D
1472,bục,nặng,vi-VN-Wavenet-D
1473,thực,nặng,vi-VN-Wavenet-D
1474,tột,nặng,vi-VN-Wavenet-D
1475,nại,nặng,vi-VN-Wavenet-D
1476,nhựa,nặng,vi-VN-Wavenet-D
1477,quyện,nặng,vi-VN-Wavenet-D
1478,gậy,nặng,vi-VN-Wavenet-D
1479,rợn,nặng,vi-VN-Wavenet-D
1480,độp,nặng,vi-VN-Wavenet-D
1481,lợi,nặng,vi-VN-Wavenet-D
1482,cọn,nặng,vi-VN-Wavenet-D
1483,cụm,nặng,vi-VN-Wavenet-D
1484,phạt,nặng,vi-VN-Wavenet-D
1485,tạ,nặng,vi-VN-Wavenet-D
1486,xạ,nặng,vi-VN-Wavenet-D
1487,cụp,nặng,vi-VN-Wavenet-D
1488,nhột,nặng,vi-VN-Wavenet-D
1489,thạnh,nặng,vi-VN-Wavenet-D
1490,chọc,nặng,vi-VN-Wavenet-D
1491,nhại,nặng,vi-VN-Wavenet-D
1492,dặn,nặng,vi-VN-Wavenet-D
1493,dội,nặng,vi-VN-Wavenet-D
1494,vệ,nặng,vi-VN-Wavenet-D
1495,nhật,nặng,vi-VN-Wavenet-D
1496,phệnh,nặng,vi-VN-Wavenet-D
1497,đục,nặng,vi-VN-Wavenet-D
1498,thận,nặng,vi-VN-Wavenet-D
1499,phụng,nặng,vi-VN-Wavenet-D
1500,nhiếp,sắc,vi-VN-Neural2-A
1501,nách,sắc,vi-VN-Neural2-A
1502,huế,sắc,vi-VN-Neural2-A
1503,nhấc,sắc,vi-VN-Neural2-A
1504,nhóp,sắc,vi-VN-Neural2-A
1505,gốm,sắc,vi-VN-Neural2-A
1506,quốc,sắc,vi-VN-Neural2-A
1507,lắt,sắc,vi-VN-Neural2-A
1508,dép,sắc,vi-VN-Neural2-A
1509,tách,sắc,vi-VN-Neural2-A
1510,thích,sắc,vi-VN-Neural2-A
1511,dóc,sắc,vi-VN-Neural2-A
1512,tí,sắc,vi-VN-Neural2-A
1513,rúc,sắc,vi-VN-Neural2-A
1514,kí,sắc,vi-VN-Neural2-A
1515,lắc,sắc,vi-VN-Neural2-A
1516,chế,sắc,vi-VN-Neural2-A
1517,trích,sắc,vi-VN-Neural2-A
1518,báu,sắc,vi-VN-Neural2-A
1519,ế,sắc,vi-VN-Neural2-A
1520,guốc,sắc,vi-VN-Neural2-A
1521,trúc,sắc,vi-VN-Neural2-A
1522,đuối,sắc,vi-VN-Neural2-A
1523,cắc,sắc,vi-VN-Neural2-A
1524,chống,sắc,vi-VN-Neural2-A
1525,gú,sắc,vi-VN-Neural2-A
1526,đác,sắc,vi-VN-Neural2-A
1527,dốt,sắc,vi-VN-Neural2-A
1528,báng,sắc,vi-VN-Neural2-A
1529,háo,sắc,vi-VN-Neural2-A
1530,loé,sắc,vi-VN-Neural2-A
1531,ráp,sắc,vi-VN-Neural2-A
1532,lé,sắc,vi-VN-Neural2-A
1533,mắng,sắc,vi-VN-Neural2-A
1534,dấy,sắc,vi-VN-Neural2-A
1535,quét,sắc,vi-VN-Neural2-A
1536,khóe,sắc,vi-VN-Neural2-A
1537,tuấn,sắc,vi-VN-Neural2-A
1538,nếu,sắc,vi-VN-Neural2-A
1539,nhí,sắc,vi-VN-Neural2-A
1540,diếu,sắc,vi-VN-Neural2-A
1541,dấn,sắc,vi-VN-Neural2-A
1542,hát,sắc,vi-VN-Neural2-A
1543,bướng,sắc,vi-VN-Neural2-A
1544,ký,sắc,vi-VN-Neural2-A
1545,máo,sắc,vi-VN-Neural2-A
1546,hái,sắc,vi-VN-Neural2-A
1547,sáo,sắc,vi-VN-Neural2-A
1548,súng,sắc,vi-VN-Neural2-A
1549,tét,sắc,vi-VN-Neural2-A
1550,cách,sắc,vi-VN-Neural2-D
1551,rức,sắc,vi-VN-Neural2-D
1552,cứng,sắc,vi-VN-Neural2-D
1553,phốc,sắc,vi-VN-Neural2-D
1554,thấm,sắc,vi-VN-Neural2-D
1555,chéo,sắc,vi-VN-Neural2-D
1556,tấp,sắc,vi-VN-Neural2-D
1557,chép,sắc,vi-VN-Neural2-D
1558,át,sắc,vi-VN-Neural2-D
1559,nhít,sắc,vi-VN-Neural2-D
1560,tếu,sắc,vi-VN-Neural2-D
1561,cắn,sắc,vi-VN-Neural2-D
1562,ức,sắc,vi-VN-Neural2-D
1563,giác,sắc,vi-VN-Neural2-D
1564,phính,sắc,vi-VN-Neural2-D
1565,biếm,sắc,vi-VN-Neural2-D
1566,nối,sắc,vi-VN-Neural2-D
1567,khán,sắc,vi-VN-Neural2-D
1568,hấp,sắc,vi-VN-Neural2-D
1569,khắc,sắc,vi-VN-Neural2-D
1570,diếu,sắc,vi-VN-Neural2-D
1571,tín,sắc,vi-VN-Neural2-D
1572,loé,sắc,vi-VN-Neural2-D
1573,nốc,sắc,vi-VN-Neural2-D
1574,lấp,sắc,vi-VN-Neural2-D
1575,rớt,sắc,vi-VN-Neural2-D
1576,ú,sắc,vi-VN-Neural2-D
1577,cái,sắc,vi-VN-Neural2-D
1578,rước,sắc,vi-VN-Neural2-D
1579,trếch,sắc,vi-VN-Neural2-D
1580,sấy,sắc,vi-VN-Neural2-D
1581,đính,sắc,vi-VN-Neural2-D
1582,tráng,sắc,vi-VN-Neural2-D
1583,bứt,sắc,vi-VN-Neural2-D
1584,trát,sắc,vi-VN-Neural2-D
1585,há,sắc,vi-VN-Neural2-D
1586,sút,sắc,vi-VN-Neural2-D
1587,ngóe,sắc,vi-VN-Neural2-D
1588,búa,sắc,vi-VN-Neural2-D
1589,trái,sắc,vi-VN-Neural2-D
1590,xế,sắc,vi-VN-Neural2-D
1591,chớ,sắc,vi-VN-Neural2-D
1592,tíu,sắc,vi-VN-Neural2-D
1593,kiến,sắc,vi-VN-Neural2-D
1594,cống,sắc,vi-VN-Neural2-D
1595,súng,sắc,vi-VN-Neural2-D
1596,dáng,sắc,vi-VN-Neural2-D
1597,xuất,sắc,vi-VN-Neural2-D
1598,mí,sắc,vi-VN-Neural2-D
1599,bé,sắc,vi-VN-Neural2-D
1600,giúp,sắc,vi-VN-Wavenet-A
1601,ấu,sắc,vi-VN-Wavenet-A
1602,bớt,sắc,vi-VN-Wavenet-A
1603,nhóc,sắc,vi-VN-Wavenet-A
1604,dấu,sắc,vi-VN-Wavenet-A
1605,tén,sắc,vi-VN-Wavenet-A
1606,nhức,sắc,vi-VN-Wavenet-A
1607,thắt,sắc,vi-VN-Wavenet-A
1608,chuốc,sắc,vi-VN-Wavenet-A
1609,đốm,sắc,vi-VN-Wavenet-A
1610,phốc,sắc,vi-VN-Wavenet-A
1611,viếng,sắc,vi-VN-Wavenet-A
1612,tháo,sắc,vi-VN-Wavenet-A
1613,mún,sắc,vi-VN-Wavenet-A
1614,mí,sắc,vi-VN-Wavenet-A
1615,sát,sắc,vi-VN-Wavenet-A
1616,séc,sắc,vi-VN-Wavenet-A
1617,lứt,sắc,vi-VN-Wavenet-A
1618,riếp,sắc,vi-VN-Wavenet-A
1619,nới,sắc,vi-VN-Wavenet-A
1620,vướng,sắc,vi-VN-Wavenet-A
1621,típ,sắc,vi-VN-Wavenet-A
1622,tưới,sắc,vi-VN-Wavenet-A
1623,ngước,sắc,vi-VN-Wavenet-A
1624,trém,sắc,vi-VN-Wavenet-A
1625,sét,sắc,vi-VN-Wavenet-A
1626,nhấc,sắc,vi-VN-Wavenet-A
1627,ức,sắc,vi-VN-Wavenet-A
1628,nhấn,sắc,vi-VN-Wavenet-A
1629,hắt,sắc,vi-VN-Wavenet-A
1630,gấp,sắc,vi-VN-Wavenet-A
1631,cứu,sắc,vi-VN-Wavenet-A
1632,chiếc,sắc,vi-VN-Wavenet-A
1633,hứa,sắc,vi-VN-Wavenet-A
1634,chắt,sắc,vi-VN-Wavenet-A
1635,vắc,sắc,vi-VN-Wavenet-A
1636,vác,sắc,vi-VN-Wavenet-A
1637,trát,sắc,vi-VN-Wavenet-A
1638,hước,sắc,vi-VN-Wavenet-A
1639,ngoắc,sắc,vi-VN-Wavenet-A
1640,diếc,sắc,vi-VN-Wavenet-A
1641,nhét,sắc,vi-VN-Wavenet-A
1642,ứng,sắc,vi-VN-Wavenet-A
1643,nống,sắc,vi-VN-Wavenet-A
1644,múp,sắc,vi-VN-Wavenet-A
1645,nớp,sắc,vi-VN-Wavenet-A
1646,phó,sắc,vi-VN-Wavenet-A
1647,tát,sắc,vi-VN-Wavenet-A
1648,kép,sắc,vi-VN-Wavenet-A
1649,bấu,sắc,vi-VN-Wavenet-A
1650,ấm,sắc,vi-VN-Wavenet-B
1651,lép,sắc,vi-VN-Wavenet-B
1652,tưới,sắc,vi-VN-Wavenet-B
1653,ró,sắc,vi-VN-Wavenet-B
1654,khoán,sắc,vi-VN-Wavenet-B
1655,thán,sắc,vi-VN-Wavenet-B
1656,phót,sắc,vi-VN-Wavenet-B
1657,nhúc,sắc,vi-VN-Wavenet-B
1658,chiếm,sắc,vi-VN-Wavenet-B
1659,tích,sắc,vi-VN-Wavenet-B
1660,tróc,sắc,vi-VN-Wavenet-B
1661,rắn,sắc,vi-VN-Wavenet-B
1662,té,sắc,vi-VN-Wavenet-B
1663,lót,sắc,vi-VN-Wavenet-B
1664,khứu,sắc,vi-VN-Wavenet-B
1665,chắp,sắc,vi-VN-Wavenet-B
1666,máo,sắc,vi-VN-Wavenet-B
1667,nắng,sắc,vi-VN-Wavenet-B
1668,gốm,sắc,vi-VN-Wavenet-B
1669,rúm,sắc,vi-VN-Wavenet-B
1670,nhắc,sắc,vi-VN-Wavenet-B
1671,gánh,sắc,vi-VN-Wavenet-B
1672,đất,sắc,vi-VN-Wavenet-B
1673,hến,sắc,vi-VN-Wavenet-B
1674,bớt,sắc,vi-VN-Wavenet-B
1675,há,sắc,vi-VN-Wavenet-B
1676,khắm,sắc,vi-VN-Wavenet-B
1677,gáp,sắc,vi-VN-Wavenet-B
1678,sốt,sắc,vi-VN-Wavenet-B
1679,vấu,sắc,vi-VN-Wavenet-B
1680,hắt,sắc,vi-VN-Wavenet-B
1681,cúi,sắc,vi-VN-Wavenet-B
1682,bế,sắc,vi-VN-Wavenet-B
1683,nhét,sắc,vi-VN-Wavenet-B
1684,tráp,sắc,vi-VN-Wavenet-B
1685,hắn,sắc,vi-VN-Wavenet-B
1686,thú,sắc,vi-VN-Wavenet-B
1687,đái,sắc,vi-VN-Wavenet-B
1688,vuốt,sắc,vi-VN-Wavenet-B
1689,tắc,sắc,vi-VN-Wavenet-B
1690,dốc,sắc,vi-VN-Wavenet-B
1691,chác,sắc,vi-VN-Wavenet-B
1692,đít,sắc,vi-VN-Wavenet-B
1693,dí,sắc,vi-VN-Wavenet-B
1694,xác,sắc,vi-VN-Wavenet-B
1695,chuyến,sắc,vi-VN-Wavenet-B
1696,toát,sắc,vi-VN-Wavenet-B
1697,chắc,sắc,vi-VN-Wavenet-B
1698,máy,sắc,vi-VN-Wavenet-B
1699,đấm,sắc,vi-VN-Wavenet-B
1700,khích,sắc,vi-VN-Wavenet-C
1701,máo,sắc,vi-VN-Wavenet-C
1702,giới,sắc,vi-VN-Wavenet-C
1703,trách,sắc,vi-VN-Wavenet-C
1704,giấc,sắc,vi-VN-Wavenet-C
1705,ngáy,sắc,vi-VN-Wavenet-C
1706,nết,sắc,vi-VN-Wavenet-C
1707,táp,sắc,vi-VN-Wavenet-C
1708,tán,sắc,vi-VN-Wavenet-C
1709,sứ,sắc,vi-VN-Wavenet-C
1710,rúc,sắc,vi-VN-Wavenet-C
1711,miếu,sắc,vi-VN-Wavenet-C
1712,nướng,sắc,vi-VN-Wavenet-C
1713,nhóng,sắc,vi-VN-Wavenet-C
1714,ước,sắc,vi-VN-Wavenet-C
1715,núi,sắc,vi-VN-Wavenet-C
1716,típ,sắc,vi-VN-Wavenet-C
1717,đám,sắc,vi-VN-Wavenet-C
1718,đó,sắc,vi-VN-Wavenet-C
1719,rú,sắc,vi-VN-Wavenet-C
1720,đuối,sắc,vi-VN-Wavenet-C
1721,cháu,sắc,vi-VN-Wavenet-C
1722,xót,sắc,vi-VN-Wavenet-C
1723,nách,sắc,vi-VN-Wavenet-C
1724,nhướng,sắc,vi-VN-Wavenet-C
1725,thó,sắc,vi-VN-Wavenet-C
1726,tấn,sắc,vi-VN-Wavenet-C
1727,xá,sắc,vi-VN-Wavenet-C
1728,ché,sắc,vi-VN-Wavenet-C
1729,ráp,sắc,vi-VN-Wavenet-C
1730,lén,sắc,vi-VN-Wavenet-C
1731,ách,sắc,vi-VN-Wavenet-C
1732,óc,sắc,vi-VN-Wavenet-C
1733,túc,sắc,vi-VN-Wavenet-C
1734,với,sắc,vi-VN-Wavenet-C
1735,dán,sắc,vi-VN-Wavenet-C
1736,mất,sắc,vi-VN-Wavenet-C
1737,rứt,sắc,vi-VN-Wavenet-C
1738,bếp,sắc,vi-VN-Wavenet-C
1739,loắt,sắc,vi-VN-Wavenet-C
1740,ái,sắc,vi-VN-Wavenet-C
1741,nấy,sắc,vi-VN-Wavenet-C
1742,huế,sắc,vi-VN-Wavenet-C
1743,ấy,sắc,vi-VN-Wavenet-C
1744,tróc,sắc,vi-VN-Wavenet-C
1745,mí,sắc,vi-VN-Wavenet-C
1746,dối,sắc,vi-VN-Wavenet-C
1747,kiến,sắc,vi-VN-Wavenet-C
1748,dốt,sắc,vi-VN-Wavenet-C
1749,bó,sắc,vi-VN-Wavenet-C
1750,mí,sắc,vi-VN-Wavenet-D
1751,loắt,sắc,vi-VN-Wavenet-D
1752,khất,sắc,vi-VN-Wavenet-D
1753,quác,sắc,vi-VN-Wavenet-D
1754,khúc,sắc,vi-VN-Wavenet-D
1755,gấy,sắc,vi-VN-Wavenet-D
1756,pí,sắc,vi-VN-Wavenet-D
1757,đấu,sắc,vi-VN-Wavenet-D
1758,rối,sắc,vi-VN-Wavenet-D
1759,cuống,sắc,vi-VN-Wavenet-D
1760,quắn,sắc,vi-VN-Wavenet-D
1761,khống,sắc,vi-VN-Wavenet-D
1762,hóng,sắc,vi-VN-Wavenet-D
1763,lót,sắc,vi-VN-Wavenet-D
1764,đếm,sắc,vi-VN-Wavenet-D
1765,phấn,sắc,vi-VN-Wavenet-D
1766,nhét,sắc,vi-VN-Wavenet-D
1767,quái,sắc,vi-VN-Wavenet-D
1768,lá,sắc,vi-VN-Wavenet-D
1769,oắt,sắc,vi-VN-Wavenet-D
1770,sức,sắc,vi-VN-Wavenet-D
1771,rống,sắc,vi-VN-Wavenet-D
1772,gắng,sắc,vi-VN-Wavenet-D
1773,nách,sắc,vi-VN-Wavenet-D
1774,bún,sắc,vi-VN-Wavenet-D
1775,dáng,sắc,vi-VN-Wavenet-D
1776,cứ,sắc,vi-VN-Wavenet-D
1777,bấc,sắc,vi-VN-Wavenet-D
1778,biết,sắc,vi-VN-Wavenet-D
1779,tám,sắc,vi-VN-Wavenet-D
1780,giấu,sắc,vi-VN-Wavenet-D
1781,lái,sắc,vi-VN-Wavenet-D
1782,trốn,sắc,vi-VN-Wavenet-D
1783,trách,sắc,vi-VN-Wavenet-D
1784,nhút,sắc,vi-VN-Wavenet-D
1785,đánh,sắc,vi-VN-Wavenet-D
1786,giác,sắc,vi-VN-Wavenet-D
1787,huýt,sắc,vi-VN-Wavenet-D
1788,phớt,sắc,vi-VN-Wavenet-D
1789,cát,sắc,vi-VN-Wavenet-D
1790,tớ,sắc,vi-VN-Wavenet-D
1791,uất,sắc,vi-VN-Wavenet-D
1792,giếm,sắc,vi-VN-Wavenet-D
1793,bíu,sắc,vi-VN-Wavenet-D
1794,nhắc,sắc,vi-VN-Wavenet-D
1795,nuốt,sắc,vi-VN-Wavenet-D
1796,có,sắc,vi-VN-Wavenet-D
1797,bé,sắc,vi-VN-Wavenet-D
1798,huống,sắc,vi-VN-Wavenet-D
1799,quánh,sắc,vi-VN-Wavenet-D
